tier,disposition,place_name,kind,fileTitle,license,author,thumbUrl,filePageUrl,placeId
1-likely,,Alki Playground,playground,"File:Seattle - Senior Citizen Walking Club at Alki Playground, 1980 (51353894704).jpg",CC BY 2.0,"Seattle Municipal Archives from Seattle, WA",https://thumb.wikimedia.org/wikipedia/commons/thumb/d/df/Seattle_-_Senior_Citizen_Walking_Club_at_Alki_Playground%2C_1980_%2851353894704%29.jpg/960px-Seattle_-_Senior_Citizen_Walking_Club_at_Alki_Playground%2C_1980_%2851353894704%29.jpg?utm_source=commons.wikimedia.org&utm_campaign=imageinfo&utm_content=thumbnail,"https://commons.wikimedia.org/wiki/File:Seattle_-_Senior_Citizen_Walking_Club_at_Alki_Playground,_1980_(51353894704).jpg",8dc41df5-18e4-4404-80bf-408100f12768
1-likely,,Atlantic Street Park,playground,"File:Seattle - People using exercise equipment at Atlantic Street Park, 2009.jpg",CC BY 4.0,"Seattle Municipal Archives from Seattle, WA",https://thumb.wikimedia.org/wikipedia/commons/thumb/7/75/Seattle_-_People_using_exercise_equipment_at_Atlantic_Street_Park%2C_2009.jpg/960px-Seattle_-_People_using_exercise_equipment_at_Atlantic_Street_Park%2C_2009.jpg?utm_source=commons.wikimedia.org&utm_campaign=imageinfo&utm_content=thumbnail,"https://commons.wikimedia.org/wiki/File:Seattle_-_People_using_exercise_equipment_at_Atlantic_Street_Park,_2009.jpg",26713d32-ad1b-480a-9696-f06db1af528c
1-likely,,"Ballard Branch, Seattle Public Library",library,"File:Seattle Public Library, Ballard Branch 5.jpg",CC BY-SA 3.0,Dennis Bratland,https://thumb.wikimedia.org/wikipedia/commons/thumb/a/a2/Seattle_Public_Library%2C_Ballard_Branch_5.jpg/960px-Seattle_Public_Library%2C_Ballard_Branch_5.jpg?utm_source=commons.wikimedia.org&utm_campaign=imageinfo&utm_content=thumbnail,"https://commons.wikimedia.org/wiki/File:Seattle_Public_Library,_Ballard_Branch_5.jpg",4a887a45-c49b-4754-ac72-8093d4260861
1-likely,,Ballard Commons Park,playground,File:Ballard Commons reopening 13-IMG 1991 (52745349271).jpg,CC BY 2.0,Seattle City Council from Seattle,https://thumb.wikimedia.org/wikipedia/commons/thumb/f/f3/Ballard_Commons_reopening_13-IMG_1991_%2852745349271%29.jpg/960px-Ballard_Commons_reopening_13-IMG_1991_%2852745349271%29.jpg?utm_source=commons.wikimedia.org&utm_campaign=imageinfo&utm_content=thumbnail,https://commons.wikimedia.org/wiki/File:Ballard_Commons_reopening_13-IMG_1991_(52745349271).jpg,3cb3ede2-4a77-4d8a-be05-048c0fce6e7c
1-likely,,Ballard Community Center,other,"File:Ballard Recreation Center, 1970.jpg",CC BY 2.0,"Seattle Municipal Archives from Seattle, WA",https://thumb.wikimedia.org/wikipedia/commons/thumb/4/4b/Ballard_Recreation_Center%2C_1970.jpg/960px-Ballard_Recreation_Center%2C_1970.jpg?utm_source=commons.wikimedia.org&utm_campaign=imageinfo&utm_content=thumbnail,"https://commons.wikimedia.org/wiki/File:Ballard_Recreation_Center,_1970.jpg",73c5a5f8-9a44-4c4e-aaeb-3b512507e941
1-likely,,Ballard Playground,playground,"File:Ballard playground and Adams Elementary, ca. 1910 - DPLA - 83aca545ec1204211ef351b4310ae346 (page 2).jpg",Public domain,,https://thumb.wikimedia.org/wikipedia/commons/thumb/f/f9/Ballard_playground_and_Adams_Elementary%2C_ca._1910_-_DPLA_-_83aca545ec1204211ef351b4310ae346_%28page_2%29.jpg/960px-Ballard_playground_and_Adams_Elementary%2C_ca._1910_-_DPLA_-_83aca545ec1204211ef351b4310ae346_%28page_2%29.jpg?utm_source=commons.wikimedia.org&utm_campaign=imageinfo&utm_content=thumbnail,"https://commons.wikimedia.org/wiki/File:Ballard_playground_and_Adams_Elementary,_ca._1910_-_DPLA_-_83aca545ec1204211ef351b4310ae346_(page_2).jpg",a8f77851-ef94-46fb-92b2-ad3d39e11d64
1-likely,,Ballard Pool,pool,File:Ballard Pool - panoramio.jpg,CC BY-SA 3.0,dahusker,https://thumb.wikimedia.org/wikipedia/commons/thumb/8/81/Ballard_Pool_-_panoramio.jpg/960px-Ballard_Pool_-_panoramio.jpg?utm_source=commons.wikimedia.org&utm_campaign=imageinfo&utm_content=thumbnail,https://commons.wikimedia.org/wiki/File:Ballard_Pool_-_panoramio.jpg,c0d9c101-0338-409b-adae-2704556ad26a
1-likely,,Bayview Playground,playground,File:Bayview Podium Garden Playground 2013.jpg,CC BY 3.0,Wing1990hk,https://thumb.wikimedia.org/wikipedia/commons/thumb/7/71/Bayview_Podium_Garden_Playground_2013.jpg/960px-Bayview_Podium_Garden_Playground_2013.jpg?utm_source=commons.wikimedia.org&utm_campaign=imageinfo&utm_content=thumbnail,https://commons.wikimedia.org/wiki/File:Bayview_Podium_Garden_Playground_2013.jpg,88bba89e-1067-48bd-ac5e-1f93052a961f
1-likely,,"Beacon Hill Branch, Seattle Public Library",library,File:Seattle - Beacon Hill branch library 02.jpg,CC BY-SA 3.0,Joe Mabel,https://thumb.wikimedia.org/wikipedia/commons/thumb/d/d9/Seattle_-_Beacon_Hill_branch_library_02.jpg/960px-Seattle_-_Beacon_Hill_branch_library_02.jpg?utm_source=commons.wikimedia.org&utm_campaign=imageinfo&utm_content=thumbnail,https://commons.wikimedia.org/wiki/File:Seattle_-_Beacon_Hill_branch_library_02.jpg,cead62be-5e45-420a-b6f6-2c8c57ed5388
1-likely,,Beer Sheva Park,playground,"File:Beer Sheva Park, Seattle, March 2013.jpg",CC BY-SA 3.0,Orange Suede Sofa,https://thumb.wikimedia.org/wikipedia/commons/thumb/3/3a/Beer_Sheva_Park%2C_Seattle%2C_March_2013.jpg/960px-Beer_Sheva_Park%2C_Seattle%2C_March_2013.jpg?utm_source=commons.wikimedia.org&utm_campaign=imageinfo&utm_content=thumbnail,"https://commons.wikimedia.org/wiki/File:Beer_Sheva_Park,_Seattle,_March_2013.jpg",21b6ce08-18af-4b73-a67a-09f9aebc49ea
1-likely,,Bhy Kracke Park,playground,File:Bhy Kracke Park - Sep 24 2011 (6180066958).jpg,CC BY-SA 2.0,"Atomic Taco from Seattle, WA, USA",https://thumb.wikimedia.org/wikipedia/commons/thumb/6/60/Bhy_Kracke_Park_-_Sep_24_2011_%286180066958%29.jpg/960px-Bhy_Kracke_Park_-_Sep_24_2011_%286180066958%29.jpg?utm_source=commons.wikimedia.org&utm_campaign=imageinfo&utm_content=thumbnail,https://commons.wikimedia.org/wiki/File:Bhy_Kracke_Park_-_Sep_24_2011_(6180066958).jpg,4d0e16bb-6569-4f1d-ba50-b19afcebfa39
1-likely,,Bradner Gardens Park,playground,File:Bradner Gardens Park 04.jpg,CC BY-SA 3.0,Joe Mabel,https://thumb.wikimedia.org/wikipedia/commons/thumb/7/73/Bradner_Gardens_Park_04.jpg/960px-Bradner_Gardens_Park_04.jpg?utm_source=commons.wikimedia.org&utm_campaign=imageinfo&utm_content=thumbnail,https://commons.wikimedia.org/wiki/File:Bradner_Gardens_Park_04.jpg,a915efdf-53ca-47c1-98b2-b95ae7ec8f3e
1-likely,,Bryant Playground,playground,"File:Bryant neighborhood, Seattle, 2017-01-15 — 01.jpg",CC BY-SA 4.0,Sage Ross,https://thumb.wikimedia.org/wikipedia/commons/thumb/4/48/Bryant_neighborhood%2C_Seattle%2C_2017-01-15_%E2%80%94_01.jpg/960px-Bryant_neighborhood%2C_Seattle%2C_2017-01-15_%E2%80%94_01.jpg?utm_source=commons.wikimedia.org&utm_campaign=imageinfo&utm_content=thumbnail,"https://commons.wikimedia.org/wiki/File:Bryant_neighborhood,_Seattle,_2017-01-15_—_01.jpg",760063ee-4ebd-4529-8b62-885e401add83
1-likely,,Cal Anderson Park,playground,File:Cal Anderson Park.jpg,CC BY 2.5,"Douglas J. McLaughlin, Greenmnm69 , Jeff G.",https://thumb.wikimedia.org/wikipedia/commons/thumb/e/e0/Cal_Anderson_Park.jpg/960px-Cal_Anderson_Park.jpg?utm_source=commons.wikimedia.org&utm_campaign=imageinfo&utm_content=thumbnail,https://commons.wikimedia.org/wiki/File:Cal_Anderson_Park.jpg,93b81290-a6d3-447f-9eb4-398bb77e30ce
1-likely,,Carkeek Park,playground,File:Carkeek Park-1.jpg,CC BY-SA 3.0,Shakespeare at English Wikipedia,https://upload.wikimedia.org/wikipedia/commons/7/77/Carkeek_Park-1.jpg?utm_source=commons.wikimedia.org&utm_campaign=imageinfo&utm_content=thumbnail_unscaled,https://commons.wikimedia.org/wiki/File:Carkeek_Park-1.jpg,7633161e-264d-48ad-99e6-3ab66be93d93
1-likely,,Cascade Playground,playground,File:Seattle - Cascade Playground 01.jpg,CC BY-SA 3.0,Joe Mabel,https://thumb.wikimedia.org/wikipedia/commons/thumb/9/9a/Seattle_-_Cascade_Playground_01.jpg/960px-Seattle_-_Cascade_Playground_01.jpg?utm_source=commons.wikimedia.org&utm_campaign=imageinfo&utm_content=thumbnail,https://commons.wikimedia.org/wiki/File:Seattle_-_Cascade_Playground_01.jpg,3c54dc7f-ee75-4b67-bc73-7b6fe40fa9a6
1-likely,,Cedar Park,playground,"File:Cedar Park, Philadelphia.jpg",CC BY-SA 3.0,Bruce Andersen,https://thumb.wikimedia.org/wikipedia/commons/thumb/7/7d/Cedar_Park%2C_Philadelphia.jpg/960px-Cedar_Park%2C_Philadelphia.jpg?utm_source=commons.wikimedia.org&utm_campaign=imageinfo&utm_content=thumbnail,"https://commons.wikimedia.org/wiki/File:Cedar_Park,_Philadelphia.jpg",328eb833-1591-4931-820b-d58e0c7258f2
1-likely,,"Central Library, Seattle Public Library",library,"File:Central Library, Seattle (2014) - 03.JPG",CC BY-SA 3.0,Another Believer,https://thumb.wikimedia.org/wikipedia/commons/thumb/b/b3/Central_Library%2C_Seattle_%282014%29_-_03.JPG/960px-Central_Library%2C_Seattle_%282014%29_-_03.JPG?utm_source=commons.wikimedia.org&utm_campaign=imageinfo&utm_content=thumbnail,"https://commons.wikimedia.org/wiki/File:Central_Library,_Seattle_(2014)_-_03.JPG",776a2660-2966-4050-b745-c73ed6682634
1-likely,,Colman Pool,pool,"File:Diver at Colman Pool, 1950 (41869625464).jpg",CC BY 2.0,"Seattle Municipal Archives from Seattle, WA",https://thumb.wikimedia.org/wikipedia/commons/thumb/8/85/Diver_at_Colman_Pool%2C_1950_%2841869625464%29.jpg/960px-Diver_at_Colman_Pool%2C_1950_%2841869625464%29.jpg?utm_source=commons.wikimedia.org&utm_campaign=imageinfo&utm_content=thumbnail,"https://commons.wikimedia.org/wiki/File:Diver_at_Colman_Pool,_1950_(41869625464).jpg",e283c01b-8772-4090-9e28-21db4a1ab2dc
1-likely,,"Columbia Branch, Seattle Public Library",library,File:Columbia City Library.jpg,Public domain,Seattledude at English Wikipedia,https://thumb.wikimedia.org/wikipedia/commons/thumb/6/68/Columbia_City_Library.jpg/960px-Columbia_City_Library.jpg?utm_source=commons.wikimedia.org&utm_campaign=imageinfo&utm_content=thumbnail,https://commons.wikimedia.org/wiki/File:Columbia_City_Library.jpg,f58e711c-e084-4127-98d7-c4f3381b34ad
1-likely,,Cottage Grove Park,playground,File:Cottage Grove Park - 05 - Playground 01.png,CC0,0x0077BE,https://thumb.wikimedia.org/wikipedia/commons/thumb/7/7a/Cottage_Grove_Park_-_05_-_Playground_01.png/960px-Cottage_Grove_Park_-_05_-_Playground_01.png?utm_source=commons.wikimedia.org&utm_campaign=imageinfo&utm_content=thumbnail,https://commons.wikimedia.org/wiki/File:Cottage_Grove_Park_-_05_-_Playground_01.png,141ebfde-3e13-4767-b4f7-071a7e8f51b9
1-likely,,Cowen Park,playground,File:Cowen Park 01.jpg,CC BY-SA 3.0,Joe Mabel,https://thumb.wikimedia.org/wikipedia/commons/thumb/2/2c/Cowen_Park_01.jpg/960px-Cowen_Park_01.jpg?utm_source=commons.wikimedia.org&utm_campaign=imageinfo&utm_content=thumbnail,https://commons.wikimedia.org/wiki/File:Cowen_Park_01.jpg,79ee8474-6f8c-427f-ab61-012dff7442b1
1-likely,,Dahl Playfield,playground,File:Dahl Playfield 2.jpg,CC BY-SA 3.0,Joe Mabel,https://thumb.wikimedia.org/wikipedia/commons/thumb/c/c8/Dahl_Playfield_2.jpg/960px-Dahl_Playfield_2.jpg?utm_source=commons.wikimedia.org&utm_campaign=imageinfo&utm_content=thumbnail,https://commons.wikimedia.org/wiki/File:Dahl_Playfield_2.jpg,fb6a8af2-7bf7-4bac-8b55-e37524723d63
1-likely,,David Rodgers Park,playground,"File:Rodger's Park, adjoining Spring Lake, Monmouth Co., N.J. by Wm. H. Shafto, surveyor & conveyancer. (Philadelphia, Woolman & Rose (IA dr rodgers-park-adjoining-spring-lake-monmouth-co-nj-by-wm-h-shafto-00804099).jpg",Public domain,"Shafto, William H. Price, T. T. Rose, Theodore F. Woolman, H. C.",https://thumb.wikimedia.org/wikipedia/commons/thumb/d/d7/Rodger%27s_Park%2C_adjoining_Spring_Lake%2C_Monmouth_Co.%2C_N.J._by_Wm._H._Shafto%2C_surveyor_%26_conveyancer._%28Philadelphia%2C_Woolman_%26_Rose_%28IA_dr_rodgers-park-adjoining-spring-lake-monmouth-co-nj-by-wm-h-shafto-00804099%29.jpg/960px-thumbnail.jpg?utm_source=commons.wikimedia.org&utm_campaign=imageinfo&utm_content=thumbnail,"https://commons.wikimedia.org/wiki/File:Rodger's_Park,_adjoining_Spring_Lake,_Monmouth_Co.,_N.J._by_Wm._H._Shafto,_surveyor_&_conveyancer._(Philadelphia,_Woolman_&_Rose_(IA_dr_rodgers-park-adjoining-spring-lake-monmouth-co-nj-by-wm-h-shafto-00804099).jpg",9b302cd6-8c59-4b32-9fed-778688b12ce5
1-likely,,Dearborn Park,playground,File:Dearborn Park Front Sign.jpg,CC0,Donutboy102,https://thumb.wikimedia.org/wikipedia/commons/thumb/6/63/Dearborn_Park_Front_Sign.jpg/960px-Dearborn_Park_Front_Sign.jpg?utm_source=commons.wikimedia.org&utm_campaign=imageinfo&utm_content=thumbnail,https://commons.wikimedia.org/wiki/File:Dearborn_Park_Front_Sign.jpg,83c94020-623d-4628-a8df-83aef6ebbfea
1-likely,,Delridge Playfield,playground,"File:Delridge Playfields Celebration, 2011 (8902439811).jpg",CC0,Seattle City Council from Seattle,https://thumb.wikimedia.org/wikipedia/commons/thumb/a/a3/Delridge_Playfields_Celebration%2C_2011_%288902439811%29.jpg/960px-Delridge_Playfields_Celebration%2C_2011_%288902439811%29.jpg?utm_source=commons.wikimedia.org&utm_campaign=imageinfo&utm_content=thumbnail,"https://commons.wikimedia.org/wiki/File:Delridge_Playfields_Celebration,_2011_(8902439811).jpg",c08e6c24-8959-439a-a4af-c47eff97316e
1-likely,,Denny Park,playground,"File:Denny Park, Seattle, 2024.jpg",CC BY-SA 4.0,Another Believer,https://thumb.wikimedia.org/wikipedia/commons/thumb/2/20/Denny_Park%2C_Seattle%2C_2024.jpg/960px-Denny_Park%2C_Seattle%2C_2024.jpg?utm_source=commons.wikimedia.org&utm_campaign=imageinfo&utm_content=thumbnail,"https://commons.wikimedia.org/wiki/File:Denny_Park,_Seattle,_2024.jpg",21c44369-08fe-4113-9029-a811080a582e
1-likely,,Discovery Park,playground,"File:Discovery Park, Liverpool 26.jpg",CC BY-SA 4.0,Chris.sherlock2,https://thumb.wikimedia.org/wikipedia/commons/thumb/e/ea/Discovery_Park%2C_Liverpool_26.jpg/960px-Discovery_Park%2C_Liverpool_26.jpg?utm_source=commons.wikimedia.org&utm_campaign=imageinfo&utm_content=thumbnail,"https://commons.wikimedia.org/wiki/File:Discovery_Park,_Liverpool_26.jpg",36d1b022-a35a-44aa-9c30-0a3a0a5d73c7
1-likely,,Dr. Jose Rizal Park,playground,"File:2023-06-23, Dr. Jose Rizal Park, Seattle, Washington, 012.jpg",CC BY-SA 4.0,Steven Pavlov,https://thumb.wikimedia.org/wikipedia/commons/thumb/8/85/2023-06-23%2C_Dr._Jose_Rizal_Park%2C_Seattle%2C_Washington%2C_012.jpg/960px-2023-06-23%2C_Dr._Jose_Rizal_Park%2C_Seattle%2C_Washington%2C_012.jpg?utm_source=commons.wikimedia.org&utm_campaign=imageinfo&utm_content=thumbnail,"https://commons.wikimedia.org/wiki/File:2023-06-23,_Dr._Jose_Rizal_Park,_Seattle,_Washington,_012.jpg",8ec45a8c-3190-4ed3-8522-305178eb36a1
1-likely,,Duwamish Waterway Park,playground,File:Duwamish Waterway at South Park.jpg,CC BY-SA 3.0,Joe Mabel,https://thumb.wikimedia.org/wikipedia/commons/thumb/a/a1/Duwamish_Waterway_at_South_Park.jpg/960px-Duwamish_Waterway_at_South_Park.jpg?utm_source=commons.wikimedia.org&utm_campaign=imageinfo&utm_content=thumbnail,https://commons.wikimedia.org/wiki/File:Duwamish_Waterway_at_South_Park.jpg,d8d4bb4e-d97a-49db-af63-c523db571844
1-likely,,Ella Bailey Park,playground,File:Ella Bailey Park (15954919197).jpg,CC BY 2.0,Seattle Parks and Recreation,https://thumb.wikimedia.org/wikipedia/commons/thumb/f/f1/Ella_Bailey_Park_%2815954919197%29.jpg/960px-Ella_Bailey_Park_%2815954919197%29.jpg?utm_source=commons.wikimedia.org&utm_campaign=imageinfo&utm_content=thumbnail,https://commons.wikimedia.org/wiki/File:Ella_Bailey_Park_(15954919197).jpg,041f8215-6678-418a-a52f-9c9185fee06e
1-likely,,Ercolini Park,playground,File:Ercolini Park Opening (8894247697).jpg,CC0,Seattle City Council from Seattle,https://upload.wikimedia.org/wikipedia/commons/b/b9/Ercolini_Park_Opening_%288894247697%29.jpg?utm_source=commons.wikimedia.org&utm_campaign=imageinfo&utm_content=thumbnail_unscaled,https://commons.wikimedia.org/wiki/File:Ercolini_Park_Opening_(8894247697).jpg,db6942ec-9591-4b79-9e54-f51021ffcaaf
1-likely,,Evans Pool,pool,File:Janet Evans takes the Pool Safely Pledge.jpg,CC BY 2.0,PoolSafely,https://thumb.wikimedia.org/wikipedia/commons/thumb/4/43/Janet_Evans_takes_the_Pool_Safely_Pledge.jpg/960px-Janet_Evans_takes_the_Pool_Safely_Pledge.jpg?utm_source=commons.wikimedia.org&utm_campaign=imageinfo&utm_content=thumbnail,https://commons.wikimedia.org/wiki/File:Janet_Evans_takes_the_Pool_Safely_Pledge.jpg,52df841f-b7ab-4d89-af1a-e5ef57bbfe23
1-likely,,Fairmount Playground,playground,File:Fairmount park 13 carousel playground.jpg,CC BY-SA 4.0,Seauton,https://thumb.wikimedia.org/wikipedia/commons/thumb/c/c1/Fairmount_park_13_carousel_playground.jpg/960px-Fairmount_park_13_carousel_playground.jpg?utm_source=commons.wikimedia.org&utm_campaign=imageinfo&utm_content=thumbnail,https://commons.wikimedia.org/wiki/File:Fairmount_park_13_carousel_playground.jpg,d8add0e1-d637-461b-afc0-2b9e56d845b6
1-likely,,Firehouse Mini Park,playground,File:CAMP Firehouse 07.jpg,CC BY-SA 3.0,Joe Mabel,https://thumb.wikimedia.org/wikipedia/commons/thumb/6/6f/CAMP_Firehouse_07.jpg/960px-CAMP_Firehouse_07.jpg?utm_source=commons.wikimedia.org&utm_campaign=imageinfo&utm_content=thumbnail,https://commons.wikimedia.org/wiki/File:CAMP_Firehouse_07.jpg,509a6d99-746f-4375-94b5-dbc2acd2f425
1-likely,,Garfield Community Center,other,File:Seattle - Garfield Community Center.jpg,CC BY-SA 3.0,Joe Mabel,https://thumb.wikimedia.org/wikipedia/commons/thumb/c/cd/Seattle_-_Garfield_Community_Center.jpg/960px-Seattle_-_Garfield_Community_Center.jpg?utm_source=commons.wikimedia.org&utm_campaign=imageinfo&utm_content=thumbnail,https://commons.wikimedia.org/wiki/File:Seattle_-_Garfield_Community_Center.jpg,ca9546b8-5f90-4cca-90d0-d0e8ab9ee03e
1-likely,,Gas Works Park,playground,File:Seattle from Gas Works Park2013.jpg,CC BY-SA 4.0,WikiPedant,https://thumb.wikimedia.org/wikipedia/commons/thumb/6/63/Seattle_from_Gas_Works_Park2013.jpg/960px-Seattle_from_Gas_Works_Park2013.jpg?utm_source=commons.wikimedia.org&utm_campaign=imageinfo&utm_content=thumbnail,https://commons.wikimedia.org/wiki/File:Seattle_from_Gas_Works_Park2013.jpg,e23c42fc-3ffd-46d9-80a2-d62f4a4de1ec
1-likely,,Georgetown Playfield,playground,"File:Catholic Church, Georgetown district, first communion group, Seattle, 1909 (CURTIS 1260).jpeg",Public domain,Asahel Curtis,https://upload.wikimedia.org/wikipedia/commons/3/3c/Catholic_Church%2C_Georgetown_district%2C_first_communion_group%2C_Seattle%2C_1909_%28CURTIS_1260%29.jpeg?utm_source=commons.wikimedia.org&utm_campaign=imageinfo&utm_content=thumbnail_unscaled,"https://commons.wikimedia.org/wiki/File:Catholic_Church,_Georgetown_district,_first_communion_group,_Seattle,_1909_(CURTIS_1260).jpeg",27bcc659-e8ef-4448-a3d7-e71aa6f39d08
1-likely,,Golden Gardens Park,playground,File:Golden Gardens 06.jpg,CC BY-SA 3.0,Joe Mabel,https://thumb.wikimedia.org/wikipedia/commons/thumb/3/36/Golden_Gardens_06.jpg/960px-Golden_Gardens_06.jpg?utm_source=commons.wikimedia.org&utm_campaign=imageinfo&utm_content=thumbnail,https://commons.wikimedia.org/wiki/File:Golden_Gardens_06.jpg,02763d9f-4439-41fe-936f-fedbd1151ae8
1-likely,,Green Lake Community Center,other,File:Seattle - Green Lake Community Center 01.jpg,CC BY 3.0,Joe Mabel,https://thumb.wikimedia.org/wikipedia/commons/thumb/3/33/Seattle_-_Green_Lake_Community_Center_01.jpg/960px-Seattle_-_Green_Lake_Community_Center_01.jpg?utm_source=commons.wikimedia.org&utm_campaign=imageinfo&utm_content=thumbnail,https://commons.wikimedia.org/wiki/File:Seattle_-_Green_Lake_Community_Center_01.jpg,f8c7fecd-ed5b-41f2-9f9d-a9622b67c76b
1-likely,,Green Lake Park (East),beach,"File:Walkway over the lake, Green Park - geograph.org.uk - 7805615.jpg",CC BY-SA 2.0,Des Blenkinsopp,https://thumb.wikimedia.org/wikipedia/commons/thumb/4/48/Walkway_over_the_lake%2C_Green_Park_-_geograph.org.uk_-_7805615.jpg/960px-Walkway_over_the_lake%2C_Green_Park_-_geograph.org.uk_-_7805615.jpg?utm_source=commons.wikimedia.org&utm_campaign=imageinfo&utm_content=thumbnail,"https://commons.wikimedia.org/wiki/File:Walkway_over_the_lake,_Green_Park_-_geograph.org.uk_-_7805615.jpg",7b6ada36-b925-4a13-8850-f29593e2dc2f
1-likely,,Green Lake Park (West),beach,"File:The Lake, West Green House - geograph.org.uk - 4511744.jpg",CC BY-SA 2.0,Len Williams,https://thumb.wikimedia.org/wikipedia/commons/thumb/7/75/The_Lake%2C_West_Green_House_-_geograph.org.uk_-_4511744.jpg/960px-The_Lake%2C_West_Green_House_-_geograph.org.uk_-_4511744.jpg?utm_source=commons.wikimedia.org&utm_campaign=imageinfo&utm_content=thumbnail,"https://commons.wikimedia.org/wiki/File:The_Lake,_West_Green_House_-_geograph.org.uk_-_4511744.jpg",c0d21bea-8808-4187-8216-66a7336bd237
1-likely,,Greenwood Park,playground,File:Greenwood Park Mall.jpg,CC0,Jon.yb093,https://thumb.wikimedia.org/wikipedia/commons/thumb/0/03/Greenwood_Park_Mall.jpg/960px-Greenwood_Park_Mall.jpg?utm_source=commons.wikimedia.org&utm_campaign=imageinfo&utm_content=thumbnail,https://commons.wikimedia.org/wiki/File:Greenwood_Park_Mall.jpg,dd1b1960-0c39-43a7-927d-82ddee6b9e6b
1-likely,,Hiawatha Community Center,other,File:Seattle - Hiawatha Community Center.jpg,CC BY-SA 3.0,Joe Mabel,https://thumb.wikimedia.org/wikipedia/commons/thumb/f/f6/Seattle_-_Hiawatha_Community_Center.jpg/960px-Seattle_-_Hiawatha_Community_Center.jpg?utm_source=commons.wikimedia.org&utm_campaign=imageinfo&utm_content=thumbnail,https://commons.wikimedia.org/wiki/File:Seattle_-_Hiawatha_Community_Center.jpg,b03f40d9-e90d-4d79-af35-e07af53620f5
1-likely,,Hiawatha Playfield,playground,File:Hiawatha Playfield in 1913.png,Public domain,Unknown Unknown,https://upload.wikimedia.org/wikipedia/commons/e/e1/Hiawatha_Playfield_in_1913.png?utm_source=commons.wikimedia.org&utm_campaign=imageinfo&utm_content=thumbnail_unscaled,https://commons.wikimedia.org/wiki/File:Hiawatha_Playfield_in_1913.png,82fa512a-1cb3-483c-9de4-3f4f2c704353
1-likely,,Hiawatha Playfield Wading Pool,splash_pad,"File:Hiawatha Playfield wading pool, Seattle, 1912.jpg",CC BY 2.0,Seattle Municipal Archives,https://thumb.wikimedia.org/wikipedia/commons/thumb/c/ca/Hiawatha_Playfield_wading_pool%2C_Seattle%2C_1912.jpg/960px-Hiawatha_Playfield_wading_pool%2C_Seattle%2C_1912.jpg?utm_source=commons.wikimedia.org&utm_campaign=imageinfo&utm_content=thumbnail,"https://commons.wikimedia.org/wiki/File:Hiawatha_Playfield_wading_pool,_Seattle,_1912.jpg",5bd7f96e-295c-4c89-a975-b93669097aa6
1-likely,,High Point Community Center,other,File:Seattle High Point Community Center 01.jpg,CC BY-SA 3.0,Architectsea,https://thumb.wikimedia.org/wikipedia/commons/thumb/7/73/Seattle_High_Point_Community_Center_01.jpg/960px-Seattle_High_Point_Community_Center_01.jpg?utm_source=commons.wikimedia.org&utm_campaign=imageinfo&utm_content=thumbnail,https://commons.wikimedia.org/wiki/File:Seattle_High_Point_Community_Center_01.jpg,dca081fc-9b8f-4ce8-8059-4add7d399bf9
1-likely,,Highland Park Playground,playground,"File:Highland Park td (2022-05-17) 096 - Lower Highland Playground Comfort Station, Performance Area.jpg",CC BY-SA 4.0,Tdorante10,https://thumb.wikimedia.org/wikipedia/commons/thumb/a/ad/Highland_Park_td_%282022-05-17%29_096_-_Lower_Highland_Playground_Comfort_Station%2C_Performance_Area.jpg/960px-Highland_Park_td_%282022-05-17%29_096_-_Lower_Highland_Playground_Comfort_Station%2C_Performance_Area.jpg?utm_source=commons.wikimedia.org&utm_campaign=imageinfo&utm_content=thumbnail,"https://commons.wikimedia.org/wiki/File:Highland_Park_td_(2022-05-17)_096_-_Lower_Highland_Playground_Comfort_Station,_Performance_Area.jpg",3fec49d3-727d-4008-8e8f-4f41b81a8ac2
1-likely,,Homer Harris Park,playground,File:Homer Harris Park Dedication (8891746623).jpg,CC0,Seattle City Council from Seattle,https://upload.wikimedia.org/wikipedia/commons/3/37/Homer_Harris_Park_Dedication_%288891746623%29.jpg?utm_source=commons.wikimedia.org&utm_campaign=imageinfo&utm_content=thumbnail_unscaled,https://commons.wikimedia.org/wiki/File:Homer_Harris_Park_Dedication_(8891746623).jpg,b12ed1df-89dc-48a9-9eaf-5fc9bd6a03fd
1-likely,,Hutchinson Community Center,other,File:Hutchinson Community College - Kansas Cosmosphere Hutchinson Kansas 9-14-2014.JPG,CC BY-SA 4.0,Ichabod,https://thumb.wikimedia.org/wikipedia/commons/thumb/6/60/Hutchinson_Community_College_-_Kansas_Cosmosphere_Hutchinson_Kansas_9-14-2014.JPG/960px-Hutchinson_Community_College_-_Kansas_Cosmosphere_Hutchinson_Kansas_9-14-2014.JPG?utm_source=commons.wikimedia.org&utm_campaign=imageinfo&utm_content=thumbnail,https://commons.wikimedia.org/wiki/File:Hutchinson_Community_College_-_Kansas_Cosmosphere_Hutchinson_Kansas_9-14-2014.JPG,e4a2ebec-3807-4e35-b5b6-03d6b929b224
1-likely,,Jefferson Park,playground,File:Jefferson Park Bus Hub.jpg,CC BY 3.0,Zol87 ( talk ),https://thumb.wikimedia.org/wikipedia/commons/thumb/c/c9/Jefferson_Park_Bus_Hub.jpg/960px-Jefferson_Park_Bus_Hub.jpg?utm_source=commons.wikimedia.org&utm_campaign=imageinfo&utm_content=thumbnail,https://commons.wikimedia.org/wiki/File:Jefferson_Park_Bus_Hub.jpg,7d76c89a-5ea9-4c37-a6f1-804b4d654574
1-likely,,Jefferson Park Community Center,other,File:Jefferson Park Community Center (16020025216).jpg,CC BY 2.0,Seattle Parks,https://thumb.wikimedia.org/wikipedia/commons/thumb/1/13/Jefferson_Park_Community_Center_%2816020025216%29.jpg/960px-Jefferson_Park_Community_Center_%2816020025216%29.jpg?utm_source=commons.wikimedia.org&utm_campaign=imageinfo&utm_content=thumbnail,https://commons.wikimedia.org/wiki/File:Jefferson_Park_Community_Center_(16020025216).jpg,837ab54a-1653-4e6e-9924-3a8e23e70d8e
1-likely,,Judkins Park and Playfield,playground,"File:Playground at Judkins Park, Seattle, WA, 2021-09-19.jpg",CC BY-SA 4.0,Sage Ross,https://thumb.wikimedia.org/wikipedia/commons/thumb/0/0f/Playground_at_Judkins_Park%2C_Seattle%2C_WA%2C_2021-09-19.jpg/960px-Playground_at_Judkins_Park%2C_Seattle%2C_WA%2C_2021-09-19.jpg?utm_source=commons.wikimedia.org&utm_campaign=imageinfo&utm_content=thumbnail,"https://commons.wikimedia.org/wiki/File:Playground_at_Judkins_Park,_Seattle,_WA,_2021-09-19.jpg",02a11b9e-3d2c-4a62-8f19-eb226a17513f
1-likely,,Kinnear Park,playground,File:Seattle - Smith Cove from Kinnear Park 01A.jpg,CC BY-SA 3.0,Joe Mabel,https://thumb.wikimedia.org/wikipedia/commons/thumb/6/61/Seattle_-_Smith_Cove_from_Kinnear_Park_01A.jpg/960px-Seattle_-_Smith_Cove_from_Kinnear_Park_01A.jpg?utm_source=commons.wikimedia.org&utm_campaign=imageinfo&utm_content=thumbnail,https://commons.wikimedia.org/wiki/File:Seattle_-_Smith_Cove_from_Kinnear_Park_01A.jpg,be04fd50-8640-4d6c-8b46-76a6d5c90779
1-likely,,Lake City HUB,playground,File:Salt Lake City Intermodal Hub - February 2011.jpg,CC BY 2.0,"vxla from Chicago, US",https://thumb.wikimedia.org/wikipedia/commons/thumb/d/d5/Salt_Lake_City_Intermodal_Hub_-_February_2011.jpg/960px-Salt_Lake_City_Intermodal_Hub_-_February_2011.jpg?utm_source=commons.wikimedia.org&utm_campaign=imageinfo&utm_content=thumbnail,https://commons.wikimedia.org/wiki/File:Salt_Lake_City_Intermodal_Hub_-_February_2011.jpg,29ce8629-9182-42fa-840d-92410e9094db
1-likely,,Lakewood Playground,playground,"File:Country School and yard, Lakewood Heritage Center.jpg",CC BY-SA 4.0,Xnatedawgx,https://thumb.wikimedia.org/wikipedia/commons/thumb/1/1e/Country_School_and_yard%2C_Lakewood_Heritage_Center.jpg/960px-Country_School_and_yard%2C_Lakewood_Heritage_Center.jpg?utm_source=commons.wikimedia.org&utm_campaign=imageinfo&utm_content=thumbnail,"https://commons.wikimedia.org/wiki/File:Country_School_and_yard,_Lakewood_Heritage_Center.jpg",f74ddfd8-ee4b-4bd7-93e4-72a5682e6a0a
1-likely,,Langston Hughes Cultural Arts Center,other,File:Langston Hughes Cultural Center interior 02.jpg,CC BY-SA 3.0,Joe Mabel,https://thumb.wikimedia.org/wikipedia/commons/thumb/d/d8/Langston_Hughes_Cultural_Center_interior_02.jpg/960px-Langston_Hughes_Cultural_Center_interior_02.jpg?utm_source=commons.wikimedia.org&utm_campaign=imageinfo&utm_content=thumbnail,https://commons.wikimedia.org/wiki/File:Langston_Hughes_Cultural_Center_interior_02.jpg,3ab228fd-0f04-4752-9744-0212003ea5a5
1-likely,,Laurelhurst Community Center,other,File:Seattle - Laurelhurst Community Center 05.jpg,CC BY-SA 3.0,Joe Mabel,https://thumb.wikimedia.org/wikipedia/commons/thumb/1/1f/Seattle_-_Laurelhurst_Community_Center_05.jpg/960px-Seattle_-_Laurelhurst_Community_Center_05.jpg?utm_source=commons.wikimedia.org&utm_campaign=imageinfo&utm_content=thumbnail,https://commons.wikimedia.org/wiki/File:Seattle_-_Laurelhurst_Community_Center_05.jpg,5beeb7e0-d62c-449b-aa03-5a55adbde155
1-likely,,Lawton Park,playground,"File:Hartsville - Pavillion, Lawton Park.jpg",Public domain,"Published for Rose's 5, 10 & 25 cent store, Hartsville by Curt Teich & Co., Chicago",https://thumb.wikimedia.org/wikipedia/commons/thumb/2/21/Hartsville_-_Pavillion%2C_Lawton_Park.jpg/960px-Hartsville_-_Pavillion%2C_Lawton_Park.jpg?utm_source=commons.wikimedia.org&utm_campaign=imageinfo&utm_content=thumbnail,"https://commons.wikimedia.org/wiki/File:Hartsville_-_Pavillion,_Lawton_Park.jpg",2273f4ae-b7f2-45d3-b87b-04fdb61e99bc
1-likely,,Leschi Park,playground,File:Leschi Park 01.jpg,CC BY 2.5,Joe Mabel,https://thumb.wikimedia.org/wikipedia/commons/thumb/7/78/Leschi_Park_01.jpg/960px-Leschi_Park_01.jpg?utm_source=commons.wikimedia.org&utm_campaign=imageinfo&utm_content=thumbnail,https://commons.wikimedia.org/wiki/File:Leschi_Park_01.jpg,c2f188a1-dad3-4aea-9945-d957b3c925cb
1-likely,,Licton Springs Park,playground,"File:Walkway through Licton Springs Park, 2021-09-21.jpg",CC BY-SA 4.0,Sage Ross,https://thumb.wikimedia.org/wikipedia/commons/thumb/4/48/Walkway_through_Licton_Springs_Park%2C_2021-09-21.jpg/960px-Walkway_through_Licton_Springs_Park%2C_2021-09-21.jpg?utm_source=commons.wikimedia.org&utm_campaign=imageinfo&utm_content=thumbnail,"https://commons.wikimedia.org/wiki/File:Walkway_through_Licton_Springs_Park,_2021-09-21.jpg",66a7f02f-6e5d-4788-a969-320e3482a74e
1-likely,,Lincoln Park - Beach,playground,File:Beach at Lincoln Park..jpg,CC BY 2.0,Steve Greer from Edinburgh,https://upload.wikimedia.org/wikipedia/commons/5/52/Beach_at_Lincoln_Park..jpg?utm_source=commons.wikimedia.org&utm_campaign=imageinfo&utm_content=thumbnail_unscaled,https://commons.wikimedia.org/wiki/File:Beach_at_Lincoln_Park..jpg,0d04d0e2-cbdc-4440-9b5c-c533ca26a706
1-likely,,Lincoln Park - North,playground,"File:Meijer (Lincoln Park, Michigan) 1.jpg",CC BY-SA 2.0,Mike Kalasnik,https://thumb.wikimedia.org/wikipedia/commons/thumb/2/27/Meijer_%28Lincoln_Park%2C_Michigan%29_1.jpg/960px-Meijer_%28Lincoln_Park%2C_Michigan%29_1.jpg?utm_source=commons.wikimedia.org&utm_campaign=imageinfo&utm_content=thumbnail,"https://commons.wikimedia.org/wiki/File:Meijer_(Lincoln_Park,_Michigan)_1.jpg",7cf05738-9b3e-44d9-88c0-91f82b598d9f
1-likely,,Lincoln Park - South,playground,File:Seaside Garden - Curtar Rocks Port Lincoln National Park - South Australia.jpg,CC BY 2.0,Jacqui Barker,https://thumb.wikimedia.org/wikipedia/commons/thumb/0/08/Seaside_Garden_-_Curtar_Rocks_Port_Lincoln_National_Park_-_South_Australia.jpg/960px-Seaside_Garden_-_Curtar_Rocks_Port_Lincoln_National_Park_-_South_Australia.jpg?utm_source=commons.wikimedia.org&utm_campaign=imageinfo&utm_content=thumbnail,https://commons.wikimedia.org/wiki/File:Seaside_Garden_-_Curtar_Rocks_Port_Lincoln_National_Park_-_South_Australia.jpg,1d1e29f4-1eef-4e0a-a6db-de7debde0a99
1-likely,,Lincoln Park Wading Pool,splash_pad,"File:Children in wading pool at Lincoln Park, Seattle, ca 1911 (MOHAI 2253).jpg",Public domain,Webster & Stevens,https://upload.wikimedia.org/wikipedia/commons/3/39/Children_in_wading_pool_at_Lincoln_Park%2C_Seattle%2C_ca_1911_%28MOHAI_2253%29.jpg?utm_source=commons.wikimedia.org&utm_campaign=imageinfo&utm_content=thumbnail_unscaled,"https://commons.wikimedia.org/wiki/File:Children_in_wading_pool_at_Lincoln_Park,_Seattle,_ca_1911_(MOHAI_2253).jpg",43c00d47-2749-4101-9005-4f5cc376d3fa
1-likely,,Little Brook Park,playground,"File:Little Free Library in Brook Park, Northwoods GA.jpg",CC BY 4.0,John Phelan,https://thumb.wikimedia.org/wikipedia/commons/thumb/a/ac/Little_Free_Library_in_Brook_Park%2C_Northwoods_GA.jpg/960px-Little_Free_Library_in_Brook_Park%2C_Northwoods_GA.jpg?utm_source=commons.wikimedia.org&utm_campaign=imageinfo&utm_content=thumbnail,"https://commons.wikimedia.org/wiki/File:Little_Free_Library_in_Brook_Park,_Northwoods_GA.jpg",82eaebaf-9b88-4f47-9f48-a65f4fb42a8d
1-likely,,Lowman Beach Park,playground,"File:2024-06-14, Lowman Beach Park (Seattle), 110623AM.jpg",CC BY-SA 4.0,Steven Pavlov,https://thumb.wikimedia.org/wikipedia/commons/thumb/9/98/2024-06-14%2C_Lowman_Beach_Park_%28Seattle%29%2C_110623AM.jpg/960px-2024-06-14%2C_Lowman_Beach_Park_%28Seattle%29%2C_110623AM.jpg?utm_source=commons.wikimedia.org&utm_campaign=imageinfo&utm_content=thumbnail,"https://commons.wikimedia.org/wiki/File:2024-06-14,_Lowman_Beach_Park_(Seattle),_110623AM.jpg",8f0c5029-9d15-4512-bb04-5e64ec376d3d
1-likely,,Madison Park,playground,"File:Madison Park, Seattle - April 2019 - 03.jpg",CC BY-SA 4.0,Joe Mabel,https://thumb.wikimedia.org/wikipedia/commons/thumb/a/a7/Madison_Park%2C_Seattle_-_April_2019_-_03.jpg/960px-Madison_Park%2C_Seattle_-_April_2019_-_03.jpg?utm_source=commons.wikimedia.org&utm_campaign=imageinfo&utm_content=thumbnail,"https://commons.wikimedia.org/wiki/File:Madison_Park,_Seattle_-_April_2019_-_03.jpg",ac8106ff-a357-4d59-ab0d-cec9c1155149
1-likely,,Madison Park,beach,"File:Madison Park, Seattle - April 2019 - 03.jpg",CC BY-SA 4.0,Joe Mabel,https://thumb.wikimedia.org/wikipedia/commons/thumb/a/a7/Madison_Park%2C_Seattle_-_April_2019_-_03.jpg/960px-Madison_Park%2C_Seattle_-_April_2019_-_03.jpg?utm_source=commons.wikimedia.org&utm_campaign=imageinfo&utm_content=thumbnail,"https://commons.wikimedia.org/wiki/File:Madison_Park,_Seattle_-_April_2019_-_03.jpg",ff26246a-ef9c-49c3-935c-40394094a90e
1-likely,,Madison Park - North Beach,playground,File:Seattle - Madison Park North Beach 01.jpg,CC BY-SA 4.0,Joe Mabel,https://thumb.wikimedia.org/wikipedia/commons/thumb/5/51/Seattle_-_Madison_Park_North_Beach_01.jpg/960px-Seattle_-_Madison_Park_North_Beach_01.jpg?utm_source=commons.wikimedia.org&utm_campaign=imageinfo&utm_content=thumbnail,https://commons.wikimedia.org/wiki/File:Seattle_-_Madison_Park_North_Beach_01.jpg,9e349996-e20d-4981-8fda-7ee640562de1
1-likely,,Madison Pool,pool,File:Louisa Pool Belcher (1849-1931) and Wesley Madison Shuford (1848-1914).jpg,Public domain,Anonymous Unknown author,https://upload.wikimedia.org/wikipedia/commons/b/b4/Louisa_Pool_Belcher_%281849-1931%29_and_Wesley_Madison_Shuford_%281848-1914%29.jpg?utm_source=commons.wikimedia.org&utm_campaign=imageinfo&utm_content=thumbnail_unscaled,https://commons.wikimedia.org/wiki/File:Louisa_Pool_Belcher_(1849-1931)_and_Wesley_Madison_Shuford_(1848-1914).jpg,b77deafe-abe6-4914-ba1b-0d5f8b234745
1-likely,,Madrona Park,beach,File:Seattle - Madrona Park 01.jpg,CC BY-SA 3.0,Joe Mabel,https://thumb.wikimedia.org/wikipedia/commons/thumb/c/cf/Seattle_-_Madrona_Park_01.jpg/960px-Seattle_-_Madrona_Park_01.jpg?utm_source=commons.wikimedia.org&utm_campaign=imageinfo&utm_content=thumbnail,https://commons.wikimedia.org/wiki/File:Seattle_-_Madrona_Park_01.jpg,5b18e73d-e376-4c1e-ace3-02e700c057fa
1-likely,,Madrona Park -Beach,playground,File:Seattle - Madrona Park 01.jpg,CC BY-SA 3.0,Joe Mabel,https://thumb.wikimedia.org/wikipedia/commons/thumb/c/cf/Seattle_-_Madrona_Park_01.jpg/960px-Seattle_-_Madrona_Park_01.jpg?utm_source=commons.wikimedia.org&utm_campaign=imageinfo&utm_content=thumbnail,https://commons.wikimedia.org/wiki/File:Seattle_-_Madrona_Park_01.jpg,dc77c32c-484c-4d45-9fa1-8b9fe94400ca
1-likely,,Madrona Playground,playground,File:Madrona Playground.jpg,CC BY-SA 3.0,Visitor7,https://thumb.wikimedia.org/wikipedia/commons/thumb/6/6f/Madrona_Playground.jpg/960px-Madrona_Playground.jpg?utm_source=commons.wikimedia.org&utm_campaign=imageinfo&utm_content=thumbnail,https://commons.wikimedia.org/wiki/File:Madrona_Playground.jpg,d8bcf345-7ba7-46bd-a22c-b3fdd865215b
1-likely,,Magnolia Community Center,other,"File:Magnolia Library and Performing Arts Pavilion and Bienvenue Student Center in Quad, BRCC.jpg",CC BY-SA 4.0,Spatms,https://thumb.wikimedia.org/wikipedia/commons/thumb/a/ae/Magnolia_Library_and_Performing_Arts_Pavilion_and_Bienvenue_Student_Center_in_Quad%2C_BRCC.jpg/960px-Magnolia_Library_and_Performing_Arts_Pavilion_and_Bienvenue_Student_Center_in_Quad%2C_BRCC.jpg?utm_source=commons.wikimedia.org&utm_campaign=imageinfo&utm_content=thumbnail,"https://commons.wikimedia.org/wiki/File:Magnolia_Library_and_Performing_Arts_Pavilion_and_Bienvenue_Student_Center_in_Quad,_BRCC.jpg",245c5c78-9b76-4c1f-815e-ecdca5426c29
1-likely,,Magnolia Park,playground,File:Magnolia Park entrance.JPG,CC BY-SA 3.0,M.O. Stevens,https://thumb.wikimedia.org/wikipedia/commons/thumb/7/70/Magnolia_Park_entrance.JPG/960px-Magnolia_Park_entrance.JPG?utm_source=commons.wikimedia.org&utm_campaign=imageinfo&utm_content=thumbnail,https://commons.wikimedia.org/wiki/File:Magnolia_Park_entrance.JPG,88f7b056-8a6e-4612-9076-a6b37037adf3
1-likely,,Maple Leaf Playground,playground,File:Maple Leaf Playground on an autumn day.jpg,CC BY-SA 3.0,ragesoss,https://thumb.wikimedia.org/wikipedia/commons/thumb/5/52/Maple_Leaf_Playground_on_an_autumn_day.jpg/960px-Maple_Leaf_Playground_on_an_autumn_day.jpg?utm_source=commons.wikimedia.org&utm_campaign=imageinfo&utm_content=thumbnail,https://commons.wikimedia.org/wiki/File:Maple_Leaf_Playground_on_an_autumn_day.jpg,c903ecf3-9d65-4069-9c5b-060ecd1d4890
1-likely,,Matthews Beach,beach,"File:Matthews Beach neighborhood 2, Seattle.jpg",CC BY-SA 3.0,ragesoss,https://thumb.wikimedia.org/wikipedia/commons/thumb/6/68/Matthews_Beach_neighborhood_2%2C_Seattle.jpg/960px-Matthews_Beach_neighborhood_2%2C_Seattle.jpg?utm_source=commons.wikimedia.org&utm_campaign=imageinfo&utm_content=thumbnail,"https://commons.wikimedia.org/wiki/File:Matthews_Beach_neighborhood_2,_Seattle.jpg",ae556d87-0675-4bdc-b021-f26ca7478c6f
1-likely,,Matthews Beach Park,playground,File:Seattle - Matthews Beach Park 01.jpg,CC BY-SA 4.0,Joe Mabel,https://thumb.wikimedia.org/wikipedia/commons/thumb/9/9f/Seattle_-_Matthews_Beach_Park_01.jpg/960px-Seattle_-_Matthews_Beach_Park_01.jpg?utm_source=commons.wikimedia.org&utm_campaign=imageinfo&utm_content=thumbnail,https://commons.wikimedia.org/wiki/File:Seattle_-_Matthews_Beach_Park_01.jpg,cc0c1e58-bba8-4c9e-80fc-8851e66912e1
1-likely,,Mayfair Park,playground,"File:Mayfair Park, Chicago, IL.jpg",CC BY 4.0,Nick Number,https://thumb.wikimedia.org/wikipedia/commons/thumb/d/dc/Mayfair_Park%2C_Chicago%2C_IL.jpg/960px-Mayfair_Park%2C_Chicago%2C_IL.jpg?utm_source=commons.wikimedia.org&utm_campaign=imageinfo&utm_content=thumbnail,"https://commons.wikimedia.org/wiki/File:Mayfair_Park,_Chicago,_IL.jpg",a1d5dc7c-520e-4006-b5c0-ac9f9707292e
1-likely,,Meadowbrook Playfield,playground,File:Meadowbrook Park playground.jpg,CC BY-SA 4.0,Ragesoss,https://thumb.wikimedia.org/wikipedia/commons/thumb/5/50/Meadowbrook_Park_playground.jpg/960px-Meadowbrook_Park_playground.jpg?utm_source=commons.wikimedia.org&utm_campaign=imageinfo&utm_content=thumbnail,https://commons.wikimedia.org/wiki/File:Meadowbrook_Park_playground.jpg,a3afe23c-efae-4029-8787-fe2b7aea970a
1-likely,,Meadowbrook Pool,pool,"File:Meadowbrook, Seattle, Washington - park behind Meadowbrook Pool 01.jpg",CC BY-SA 4.0,Joe Mabel,https://thumb.wikimedia.org/wikipedia/commons/thumb/f/f6/Meadowbrook%2C_Seattle%2C_Washington_-_park_behind_Meadowbrook_Pool_01.jpg/960px-Meadowbrook%2C_Seattle%2C_Washington_-_park_behind_Meadowbrook_Pool_01.jpg?utm_source=commons.wikimedia.org&utm_campaign=imageinfo&utm_content=thumbnail,"https://commons.wikimedia.org/wiki/File:Meadowbrook,_Seattle,_Washington_-_park_behind_Meadowbrook_Pool_01.jpg",bc20fec3-7509-4bf3-8d0f-8182f6af7b57
1-likely,,Medgar Evers Pool,pool,"File:Medgar Evers Pool, 2015 (52241061735).jpg",CC BY 2.0,"Seattle Municipal Archives from Seattle, WA",https://thumb.wikimedia.org/wikipedia/commons/thumb/9/93/Medgar_Evers_Pool%2C_2015_%2852241061735%29.jpg/960px-Medgar_Evers_Pool%2C_2015_%2852241061735%29.jpg?utm_source=commons.wikimedia.org&utm_campaign=imageinfo&utm_content=thumbnail,"https://commons.wikimedia.org/wiki/File:Medgar_Evers_Pool,_2015_(52241061735).jpg",f14a2913-e7ca-411c-ab1b-7d31b0191d42
1-likely,,Montlake Community Center,other,File:Seattle - Montlake Community Center 08.jpg,CC BY 3.0,Joe Mabel,https://thumb.wikimedia.org/wikipedia/commons/thumb/9/9c/Seattle_-_Montlake_Community_Center_08.jpg/960px-Seattle_-_Montlake_Community_Center_08.jpg?utm_source=commons.wikimedia.org&utm_campaign=imageinfo&utm_content=thumbnail,https://commons.wikimedia.org/wiki/File:Seattle_-_Montlake_Community_Center_08.jpg,6478627f-22c0-4b71-b787-bf25e8fcb3d0
1-likely,,Montlake Playfield,playground,File:Seattle - Montlake Playfield 02.jpg,CC BY 3.0,Joe Mabel,https://thumb.wikimedia.org/wikipedia/commons/thumb/7/7e/Seattle_-_Montlake_Playfield_02.jpg/960px-Seattle_-_Montlake_Playfield_02.jpg?utm_source=commons.wikimedia.org&utm_campaign=imageinfo&utm_content=thumbnail,https://commons.wikimedia.org/wiki/File:Seattle_-_Montlake_Playfield_02.jpg,9890cb96-7797-4f01-aa67-2c50941d60a7
1-likely,,Mt Baker Park,beach,File:Seattle - Mt. Baker Park 01.jpg,CC BY-SA 3.0,Joe Mabel,https://thumb.wikimedia.org/wikipedia/commons/thumb/2/2c/Seattle_-_Mt._Baker_Park_01.jpg/960px-Seattle_-_Mt._Baker_Park_01.jpg?utm_source=commons.wikimedia.org&utm_campaign=imageinfo&utm_content=thumbnail,https://commons.wikimedia.org/wiki/File:Seattle_-_Mt._Baker_Park_01.jpg,c44945a2-870e-4319-a90e-e260f4ea9b77
1-likely,,Mt. Baker Park,playground,File:Seattle - Mt. Baker Park 01.jpg,CC BY-SA 3.0,Joe Mabel,https://thumb.wikimedia.org/wikipedia/commons/thumb/2/2c/Seattle_-_Mt._Baker_Park_01.jpg/960px-Seattle_-_Mt._Baker_Park_01.jpg?utm_source=commons.wikimedia.org&utm_campaign=imageinfo&utm_content=thumbnail,https://commons.wikimedia.org/wiki/File:Seattle_-_Mt._Baker_Park_01.jpg,b6bab478-eedc-4832-a36c-882edffec680
1-likely,,Northacres Park,playground,File:Soccer teams prepare for practice at Northacres Park.jpg,CC BY-SA 3.0,ragesoss,https://thumb.wikimedia.org/wikipedia/commons/thumb/e/e1/Soccer_teams_prepare_for_practice_at_Northacres_Park.jpg/960px-Soccer_teams_prepare_for_practice_at_Northacres_Park.jpg?utm_source=commons.wikimedia.org&utm_campaign=imageinfo&utm_content=thumbnail,https://commons.wikimedia.org/wiki/File:Soccer_teams_prepare_for_practice_at_Northacres_Park.jpg,30ee1cc0-e127-40a1-8e87-ebef1948b07f
1-likely,,"Northeast Branch, Seattle Public Library",library,File:Seattle - Northeast Library 04.jpg,CC BY-SA 3.0,Joe Mabel,https://thumb.wikimedia.org/wikipedia/commons/thumb/f/f9/Seattle_-_Northeast_Library_04.jpg/960px-Seattle_-_Northeast_Library_04.jpg?utm_source=commons.wikimedia.org&utm_campaign=imageinfo&utm_content=thumbnail,https://commons.wikimedia.org/wiki/File:Seattle_-_Northeast_Library_04.jpg,2a79f1a0-9f7f-4802-9e33-7f416ff042ca
1-likely,,Northgate Community Center,other,File:Seattle - Northgate Community Center 01.jpg,CC BY-SA 3.0,Joe Mabel,https://thumb.wikimedia.org/wikipedia/commons/thumb/1/17/Seattle_-_Northgate_Community_Center_01.jpg/960px-Seattle_-_Northgate_Community_Center_01.jpg?utm_source=commons.wikimedia.org&utm_campaign=imageinfo&utm_content=thumbnail,https://commons.wikimedia.org/wiki/File:Seattle_-_Northgate_Community_Center_01.jpg,3245c0fd-6722-4c30-adbd-69973c3f9d93
1-likely,,Northgate Park,playground,File:Northgate Park sign.JPG,CC BY-SA 3.0,Another Believer,https://thumb.wikimedia.org/wikipedia/commons/thumb/d/d5/Northgate_Park_sign.JPG/960px-Northgate_Park_sign.JPG?utm_source=commons.wikimedia.org&utm_campaign=imageinfo&utm_content=thumbnail,https://commons.wikimedia.org/wiki/File:Northgate_Park_sign.JPG,2490c5d1-9385-49a4-a834-3e8afac29f6b
1-likely,,Occidental Square,playground,File:Seattle - Occidental Park 02.jpg,CC BY-SA 3.0,Joe Mabel,https://thumb.wikimedia.org/wikipedia/commons/thumb/b/b3/Seattle_-_Occidental_Park_02.jpg/960px-Seattle_-_Occidental_Park_02.jpg?utm_source=commons.wikimedia.org&utm_campaign=imageinfo&utm_content=thumbnail,https://commons.wikimedia.org/wiki/File:Seattle_-_Occidental_Park_02.jpg,b9296aa7-c421-4900-9297-8c102a64e398
1-likely,,Othello Playground,playground,"File:Seattle - Kids playing basketball at Othello Playground, circa 1970s (51987818145).jpg",CC BY 2.0,"Seattle Municipal Archives from Seattle, WA",https://thumb.wikimedia.org/wikipedia/commons/thumb/a/ab/Seattle_-_Kids_playing_basketball_at_Othello_Playground%2C_circa_1970s_%2851987818145%29.jpg/960px-Seattle_-_Kids_playing_basketball_at_Othello_Playground%2C_circa_1970s_%2851987818145%29.jpg?utm_source=commons.wikimedia.org&utm_campaign=imageinfo&utm_content=thumbnail,"https://commons.wikimedia.org/wiki/File:Seattle_-_Kids_playing_basketball_at_Othello_Playground,_circa_1970s_(51987818145).jpg",cffda05d-747d-4bd6-888a-4a7d9d2106c9
1-likely,,Oxbow Park,playground,File:Oxbow Bend outlook in the Grand Teton National Park.jpg,CC BY 3.0,Michael Gäbler,https://thumb.wikimedia.org/wikipedia/commons/thumb/6/6b/Oxbow_Bend_outlook_in_the_Grand_Teton_National_Park.jpg/960px-Oxbow_Bend_outlook_in_the_Grand_Teton_National_Park.jpg?utm_source=commons.wikimedia.org&utm_campaign=imageinfo&utm_content=thumbnail,https://commons.wikimedia.org/wiki/File:Oxbow_Bend_outlook_in_the_Grand_Teton_National_Park.jpg,ae7e3497-cc28-4dc7-84f9-64f9e3465c6f
1-likely,,Pathways Park,playground,File:New Farm Park pathways New Farm P1020467.jpg,CC0,John Robert McPherson,https://thumb.wikimedia.org/wikipedia/commons/thumb/f/f6/New_Farm_Park_pathways_New_Farm_P1020467.jpg/960px-New_Farm_Park_pathways_New_Farm_P1020467.jpg?utm_source=commons.wikimedia.org&utm_campaign=imageinfo&utm_content=thumbnail,https://commons.wikimedia.org/wiki/File:New_Farm_Park_pathways_New_Farm_P1020467.jpg,3d451756-fbba-46e0-9cfe-aa2fc29f3536
1-likely,,Pinehurst Playground,playground,File:Pinehurst Playground.jpg,CC BY-SA 4.0,Ragesoss,https://thumb.wikimedia.org/wikipedia/commons/thumb/d/d3/Pinehurst_Playground.jpg/960px-Pinehurst_Playground.jpg?utm_source=commons.wikimedia.org&utm_campaign=imageinfo&utm_content=thumbnail,https://commons.wikimedia.org/wiki/File:Pinehurst_Playground.jpg,41174937-91c4-4e34-abca-d3d79089a1f5
1-likely,,PlayDate SEA,indoor_play,File:Sediment plume at sea.jpg,CC BY-SA 3.0 igo,European Space Agency,https://thumb.wikimedia.org/wikipedia/commons/thumb/6/63/Sediment_plume_at_sea.jpg/960px-Sediment_plume_at_sea.jpg?utm_source=commons.wikimedia.org&utm_campaign=imageinfo&utm_content=thumbnail,https://commons.wikimedia.org/wiki/File:Sediment_plume_at_sea.jpg,d7f90340-8501-489c-af93-2bc996ffe95d
1-likely,,Plum Tree Park,playground,File:Blossoming plum tree in Arisugawa-no-miya Memorial Park.jpg,CC0,Syced,https://thumb.wikimedia.org/wikipedia/commons/thumb/5/55/Blossoming_plum_tree_in_Arisugawa-no-miya_Memorial_Park.jpg/960px-Blossoming_plum_tree_in_Arisugawa-no-miya_Memorial_Park.jpg?utm_source=commons.wikimedia.org&utm_campaign=imageinfo&utm_content=thumbnail,https://commons.wikimedia.org/wiki/File:Blossoming_plum_tree_in_Arisugawa-no-miya_Memorial_Park.jpg,baa84b09-8b3d-412f-88b7-31a9d3fe9b3f
1-likely,,Powell Barnett Park,playground,"File:Powell Barnett and others looking plans for Powell Barnett Park, 1970.jpg",CC BY 2.0,Seattle Municipal Archives,https://thumb.wikimedia.org/wikipedia/commons/thumb/d/d1/Powell_Barnett_and_others_looking_plans_for_Powell_Barnett_Park%2C_1970.jpg/960px-Powell_Barnett_and_others_looking_plans_for_Powell_Barnett_Park%2C_1970.jpg?utm_source=commons.wikimedia.org&utm_campaign=imageinfo&utm_content=thumbnail,"https://commons.wikimedia.org/wiki/File:Powell_Barnett_and_others_looking_plans_for_Powell_Barnett_Park,_1970.jpg",b23a17d4-7973-4601-aa45-3bb8447f5198
1-likely,,Pritchard Beach,beach,File:Edward Francis Drew Pritchard (1809-1905) - A Wreck on a Beach (possibly either the 'Edwin and Sarah' or the 'Result') - 1998-PM-16 - Portland Museum.jpg,Public domain,Edward Francis Drew Pritchard,https://upload.wikimedia.org/wikipedia/commons/1/1d/Edward_Francis_Drew_Pritchard_%281809-1905%29_-_A_Wreck_on_a_Beach_%28possibly_either_the_%27Edwin_and_Sarah%27_or_the_%27Result%27%29_-_1998-PM-16_-_Portland_Museum.jpg?utm_source=commons.wikimedia.org&utm_campaign=imageinfo&utm_content=thumbnail_unscaled,https://commons.wikimedia.org/wiki/File:Edward_Francis_Drew_Pritchard_(1809-1905)_-_A_Wreck_on_a_Beach_(possibly_either_the_'Edwin_and_Sarah'_or_the_'Result')_-_1998-PM-16_-_Portland_Museum.jpg,d13fcd31-dd79-4a59-9655-49b90bd99949
1-likely,,Queen Anne Community Center,other,"File:The Queen Anne Hill counterbalance looking north from Mercer St on Queen Anne Ave, Seattle (CURTIS 1477).jpeg",Public domain,Asahel Curtis,https://upload.wikimedia.org/wikipedia/commons/6/64/The_Queen_Anne_Hill_counterbalance_looking_north_from_Mercer_St_on_Queen_Anne_Ave%2C_Seattle_%28CURTIS_1477%29.jpeg?utm_source=commons.wikimedia.org&utm_campaign=imageinfo&utm_content=thumbnail_unscaled,"https://commons.wikimedia.org/wiki/File:The_Queen_Anne_Hill_counterbalance_looking_north_from_Mercer_St_on_Queen_Anne_Ave,_Seattle_(CURTIS_1477).jpeg",44a373eb-73ca-4346-a2c0-06af2da7d657
1-likely,,Queen Anne Pool,pool,"File:Swimmers at Queen Anne Aquatic Center, 2013 (53108937306).jpg",CC BY 2.0,"Seattle Municipal Archives from Seattle, WA",https://thumb.wikimedia.org/wikipedia/commons/thumb/9/90/Swimmers_at_Queen_Anne_Aquatic_Center%2C_2013_%2853108937306%29.jpg/960px-Swimmers_at_Queen_Anne_Aquatic_Center%2C_2013_%2853108937306%29.jpg?utm_source=commons.wikimedia.org&utm_campaign=imageinfo&utm_content=thumbnail,"https://commons.wikimedia.org/wiki/File:Swimmers_at_Queen_Anne_Aquatic_Center,_2013_(53108937306).jpg",38e7fdd0-57e0-41b8-854a-697f5b22a59d
1-likely,,Rainier Playfield,playground,"File:Lake Washington and Mount Rainier, ca. 1910 - DPLA - 18e28817b6e06f5efa2a7222ecebde37.jpg",Public domain,"Piper, Walter F",https://thumb.wikimedia.org/wikipedia/commons/thumb/e/e6/Lake_Washington_and_Mount_Rainier%2C_ca._1910_-_DPLA_-_18e28817b6e06f5efa2a7222ecebde37.jpg/960px-Lake_Washington_and_Mount_Rainier%2C_ca._1910_-_DPLA_-_18e28817b6e06f5efa2a7222ecebde37.jpg?utm_source=commons.wikimedia.org&utm_campaign=imageinfo&utm_content=thumbnail,"https://commons.wikimedia.org/wiki/File:Lake_Washington_and_Mount_Rainier,_ca._1910_-_DPLA_-_18e28817b6e06f5efa2a7222ecebde37.jpg",efa2d235-bc90-4b52-b5e3-df9ad73d04b9
1-likely,,Ravenna-Eckstein Community Center,other,File:Seattle - Ravenna-Eckstein 09.jpg,CC BY-SA 4.0,Joe Mabel,https://thumb.wikimedia.org/wikipedia/commons/thumb/7/7d/Seattle_-_Ravenna-Eckstein_09.jpg/960px-Seattle_-_Ravenna-Eckstein_09.jpg?utm_source=commons.wikimedia.org&utm_campaign=imageinfo&utm_content=thumbnail,https://commons.wikimedia.org/wiki/File:Seattle_-_Ravenna-Eckstein_09.jpg,cb3f3135-3cb5-4cc5-b8b7-9b37f1228b86
1-likely,,Roanoke Park,playground,File:Seattle - Roanoke Park Ulmis laevis 03.jpg,CC BY-SA 3.0,Joe Mabel,https://thumb.wikimedia.org/wikipedia/commons/thumb/e/e5/Seattle_-_Roanoke_Park_Ulmis_laevis_03.jpg/960px-Seattle_-_Roanoke_Park_Ulmis_laevis_03.jpg?utm_source=commons.wikimedia.org&utm_campaign=imageinfo&utm_content=thumbnail,https://commons.wikimedia.org/wiki/File:Seattle_-_Roanoke_Park_Ulmis_laevis_03.jpg,a06409e4-4e3e-49ac-bef4-9cc19ce7b765
1-likely,,Roxhill Park,playground,"File:Roxhill Park, Seattle, March 2013.jpg",CC BY-SA 3.0,Orange Suede Sofa,https://thumb.wikimedia.org/wikipedia/commons/thumb/0/00/Roxhill_Park%2C_Seattle%2C_March_2013.jpg/960px-Roxhill_Park%2C_Seattle%2C_March_2013.jpg?utm_source=commons.wikimedia.org&utm_campaign=imageinfo&utm_content=thumbnail,"https://commons.wikimedia.org/wiki/File:Roxhill_Park,_Seattle,_March_2013.jpg",7b9c563b-4666-4dc1-871c-2b6f0e01fdd4
1-likely,,Salmon Bay Park,playground,"File:Keel Park Plaque at Salmon Harbor Marina in Winchester Bay, Oregon.jpg",CC BY 2.0,Rick Obst,https://thumb.wikimedia.org/wikipedia/commons/thumb/0/05/Keel_Park_Plaque_at_Salmon_Harbor_Marina_in_Winchester_Bay%2C_Oregon.jpg/960px-Keel_Park_Plaque_at_Salmon_Harbor_Marina_in_Winchester_Bay%2C_Oregon.jpg?utm_source=commons.wikimedia.org&utm_campaign=imageinfo&utm_content=thumbnail,"https://commons.wikimedia.org/wiki/File:Keel_Park_Plaque_at_Salmon_Harbor_Marina_in_Winchester_Bay,_Oregon.jpg",408dda66-550c-49a7-82f9-2e8137ab3c4b
1-likely,,Seattle Children's Museum,museum,File:Children’s Museum (2891578446).jpg,CC BY 2.0,"Cliff from Arlington, Virginia, USA",https://thumb.wikimedia.org/wikipedia/commons/thumb/e/e6/Children%E2%80%99s_Museum_%282891578446%29.jpg/960px-Children%E2%80%99s_Museum_%282891578446%29.jpg?utm_source=commons.wikimedia.org&utm_campaign=imageinfo&utm_content=thumbnail,https://commons.wikimedia.org/wiki/File:Children’s_Museum_(2891578446).jpg,9f716419-b7f5-48d8-8001-a3bb18a38612
1-likely,,Seward Park,playground,"File:Aerial view of Seward Park, Seattle.jpg",Public domain,Dcoetzee,https://thumb.wikimedia.org/wikipedia/commons/thumb/4/4e/Aerial_view_of_Seward_Park%2C_Seattle.jpg/960px-Aerial_view_of_Seward_Park%2C_Seattle.jpg?utm_source=commons.wikimedia.org&utm_campaign=imageinfo&utm_content=thumbnail,"https://commons.wikimedia.org/wiki/File:Aerial_view_of_Seward_Park,_Seattle.jpg",10f3bee3-e055-467e-b06f-0a40db4bba4e
1-likely,,Seward Park,beach,"File:Aerial view of Seward Park, Seattle.jpg",Public domain,Dcoetzee,https://thumb.wikimedia.org/wikipedia/commons/thumb/4/4e/Aerial_view_of_Seward_Park%2C_Seattle.jpg/960px-Aerial_view_of_Seward_Park%2C_Seattle.jpg?utm_source=commons.wikimedia.org&utm_campaign=imageinfo&utm_content=thumbnail,"https://commons.wikimedia.org/wiki/File:Aerial_view_of_Seward_Park,_Seattle.jpg",074ff3f3-f574-4c73-aeb5-2a77666ce739
1-likely,,"Southwest Branch, Seattle Public Library",library,"File:Southwest Branch, Seattle Public Library, 1961 - DPLA - 524aa4a71de66d7349b123036072024f.jpg",No restrictions,"Hupy, Arthur (Art) E., 1925-2003",https://thumb.wikimedia.org/wikipedia/commons/thumb/0/03/Southwest_Branch%2C_Seattle_Public_Library%2C_1961_-_DPLA_-_524aa4a71de66d7349b123036072024f.jpg/960px-Southwest_Branch%2C_Seattle_Public_Library%2C_1961_-_DPLA_-_524aa4a71de66d7349b123036072024f.jpg?utm_source=commons.wikimedia.org&utm_campaign=imageinfo&utm_content=thumbnail,"https://commons.wikimedia.org/wiki/File:Southwest_Branch,_Seattle_Public_Library,_1961_-_DPLA_-_524aa4a71de66d7349b123036072024f.jpg",dac75e0e-4ea6-4086-ad45-7fd59bca9a37
1-likely,,Southwest Community Center,playground,"File:French Hill visits the Southwest Community Center, Little Rock, Arkansas 04.jpg",Public domain,"Office of French Hill, United States Congress",https://thumb.wikimedia.org/wikipedia/commons/thumb/b/b2/French_Hill_visits_the_Southwest_Community_Center%2C_Little_Rock%2C_Arkansas_04.jpg/960px-French_Hill_visits_the_Southwest_Community_Center%2C_Little_Rock%2C_Arkansas_04.jpg?utm_source=commons.wikimedia.org&utm_campaign=imageinfo&utm_content=thumbnail,"https://commons.wikimedia.org/wiki/File:French_Hill_visits_the_Southwest_Community_Center,_Little_Rock,_Arkansas_04.jpg",de009da9-e331-4c1c-bb0b-ee7ac14994b6
1-likely,,Southwest Pool,pool,File:Cmglee London Embassy Gardens pool.jpg,CC BY-SA 4.0,Cmglee,https://thumb.wikimedia.org/wikipedia/commons/thumb/e/ed/Cmglee_London_Embassy_Gardens_pool.jpg/960px-Cmglee_London_Embassy_Gardens_pool.jpg?utm_source=commons.wikimedia.org&utm_campaign=imageinfo&utm_content=thumbnail,https://commons.wikimedia.org/wiki/File:Cmglee_London_Embassy_Gardens_pool.jpg,c380e948-4163-48e1-85f4-8bdf476a81ce
1-likely,,Spring Street Mini Park,playground,"File:Mini roundabouts on Shirley Way, Spring Park - geograph.org.uk - 2665427.jpg",CC BY-SA 2.0,David Anstiss,https://thumb.wikimedia.org/wikipedia/commons/thumb/7/71/Mini_roundabouts_on_Shirley_Way%2C_Spring_Park_-_geograph.org.uk_-_2665427.jpg/960px-Mini_roundabouts_on_Shirley_Way%2C_Spring_Park_-_geograph.org.uk_-_2665427.jpg?utm_source=commons.wikimedia.org&utm_campaign=imageinfo&utm_content=thumbnail,"https://commons.wikimedia.org/wiki/File:Mini_roundabouts_on_Shirley_Way,_Spring_Park_-_geograph.org.uk_-_2665427.jpg",ed353fef-2f10-46b0-9a5a-ffabd12365df
1-likely,,Spruce Street Mini Park,playground,"File:Seattle - Children playing at Spruce Street Mini Park, circa 1970.jpg",CC BY 2.0,Seattle Municipal Archives,https://thumb.wikimedia.org/wikipedia/commons/thumb/c/c0/Seattle_-_Children_playing_at_Spruce_Street_Mini_Park%2C_circa_1970.jpg/960px-Seattle_-_Children_playing_at_Spruce_Street_Mini_Park%2C_circa_1970.jpg?utm_source=commons.wikimedia.org&utm_campaign=imageinfo&utm_content=thumbnail,"https://commons.wikimedia.org/wiki/File:Seattle_-_Children_playing_at_Spruce_Street_Mini_Park,_circa_1970.jpg",8ace3295-dcaa-4eec-9268-292a44509208
1-likely,,Trolley Hill Park,playground,File:Car and trolley park at Bar Hill - geograph.org.uk - 5680060.jpg,CC BY-SA 2.0,M J Richardson,https://thumb.wikimedia.org/wikipedia/commons/thumb/1/17/Car_and_trolley_park_at_Bar_Hill_-_geograph.org.uk_-_5680060.jpg/960px-Car_and_trolley_park_at_Bar_Hill_-_geograph.org.uk_-_5680060.jpg?utm_source=commons.wikimedia.org&utm_campaign=imageinfo&utm_content=thumbnail,https://commons.wikimedia.org/wiki/File:Car_and_trolley_park_at_Bar_Hill_-_geograph.org.uk_-_5680060.jpg,5e7b50ff-3386-4610-bfba-2b45cffb804e
1-likely,,University Playground,playground,File:West University Place Recreation Center Playground (76144).jpg,CC BY-SA 3.0,EvanCarroll,https://thumb.wikimedia.org/wikipedia/commons/thumb/f/f7/West_University_Place_Recreation_Center_Playground_%2876144%29.jpg/960px-West_University_Place_Recreation_Center_Playground_%2876144%29.jpg?utm_source=commons.wikimedia.org&utm_campaign=imageinfo&utm_content=thumbnail,https://commons.wikimedia.org/wiki/File:West_University_Place_Recreation_Center_Playground_(76144).jpg,b16d5050-d1c7-459f-a288-d375900c6b4c
1-likely,,Urban Triangle Park,playground,File:Ayala Triangle Gardens.jpg,CC BY 3.0,RioHondo ( talk ) ( Uploads ),https://thumb.wikimedia.org/wikipedia/commons/thumb/1/1d/Ayala_Triangle_Gardens.jpg/960px-Ayala_Triangle_Gardens.jpg?utm_source=commons.wikimedia.org&utm_campaign=imageinfo&utm_content=thumbnail,https://commons.wikimedia.org/wiki/File:Ayala_Triangle_Gardens.jpg,82baa036-c4a3-4c09-ac77-516f90116a26
1-likely,,Virgil Flaim Park,playground,File:Seattle - Virgil Flaim Park 01.jpg,CC BY-SA 3.0,Joe Mabel,https://thumb.wikimedia.org/wikipedia/commons/thumb/d/d3/Seattle_-_Virgil_Flaim_Park_01.jpg/960px-Seattle_-_Virgil_Flaim_Park_01.jpg?utm_source=commons.wikimedia.org&utm_campaign=imageinfo&utm_content=thumbnail,https://commons.wikimedia.org/wiki/File:Seattle_-_Virgil_Flaim_Park_01.jpg,c8fd928e-cd96-4a1a-ae53-fba45762632e
1-likely,,Volunteer Park,playground,File:Volunteer Park Conservatory 02.jpg,CC BY-SA 3.0,Joe Mabel,https://thumb.wikimedia.org/wikipedia/commons/thumb/9/96/Volunteer_Park_Conservatory_02.jpg/960px-Volunteer_Park_Conservatory_02.jpg?utm_source=commons.wikimedia.org&utm_campaign=imageinfo&utm_content=thumbnail,https://commons.wikimedia.org/wiki/File:Volunteer_Park_Conservatory_02.jpg,cd0dfba9-bb92-4eab-95d8-b451cb9e9507
1-likely,,Volunteer Park Wading Pool,splash_pad,File:Volunteer Park wading pool 01.jpg,CC BY-SA 3.0,Joe Mabel,https://thumb.wikimedia.org/wikipedia/commons/thumb/1/18/Volunteer_Park_wading_pool_01.jpg/960px-Volunteer_Park_wading_pool_01.jpg?utm_source=commons.wikimedia.org&utm_campaign=imageinfo&utm_content=thumbnail,https://commons.wikimedia.org/wiki/File:Volunteer_Park_wading_pool_01.jpg,2930d58d-51d8-4a9b-b7bf-ebd21a1ef7d2
1-likely,,W. Magnolia Playfield,playground,File:Magnolia Playfield Tennis Courts (5149012626).jpg,No restrictions,UW Digital Collections,https://upload.wikimedia.org/wikipedia/commons/d/db/Magnolia_Playfield_Tennis_Courts_%285149012626%29.jpg?utm_source=commons.wikimedia.org&utm_campaign=imageinfo&utm_content=thumbnail_unscaled,https://commons.wikimedia.org/wiki/File:Magnolia_Playfield_Tennis_Courts_(5149012626).jpg,95f08bb2-d823-4398-932b-6de9356434f9
1-likely,,W. Queen Anne Playfield,playground,File:Queen Anne Playfield (17895359842).jpg,CC BY 2.0,"Tony Webster from Portland, Oregon",https://thumb.wikimedia.org/wikipedia/commons/thumb/1/10/Queen_Anne_Playfield_%2817895359842%29.jpg/960px-Queen_Anne_Playfield_%2817895359842%29.jpg?utm_source=commons.wikimedia.org&utm_campaign=imageinfo&utm_content=thumbnail,https://commons.wikimedia.org/wiki/File:Queen_Anne_Playfield_(17895359842).jpg,01d86175-b0b4-4890-8f48-6ad8265a922c
1-likely,,Wallingford Playfield,playground,"File:Wading pool at Wallingford Playfield, 1971 (51614740631).jpg",CC BY 2.0,"Seattle Municipal Archives from Seattle, WA",https://thumb.wikimedia.org/wikipedia/commons/thumb/5/59/Wading_pool_at_Wallingford_Playfield%2C_1971_%2851614740631%29.jpg/960px-Wading_pool_at_Wallingford_Playfield%2C_1971_%2851614740631%29.jpg?utm_source=commons.wikimedia.org&utm_campaign=imageinfo&utm_content=thumbnail,"https://commons.wikimedia.org/wiki/File:Wading_pool_at_Wallingford_Playfield,_1971_(51614740631).jpg",daf28f34-7b04-440a-b380-29687dab579f
1-likely,,Wallingford Playfield Wading Pool,splash_pad,"File:Wading pool at Wallingford Playfield, 1971 (51614740631).jpg",CC BY 2.0,"Seattle Municipal Archives from Seattle, WA",https://thumb.wikimedia.org/wikipedia/commons/thumb/5/59/Wading_pool_at_Wallingford_Playfield%2C_1971_%2851614740631%29.jpg/960px-Wading_pool_at_Wallingford_Playfield%2C_1971_%2851614740631%29.jpg?utm_source=commons.wikimedia.org&utm_campaign=imageinfo&utm_content=thumbnail,"https://commons.wikimedia.org/wiki/File:Wading_pool_at_Wallingford_Playfield,_1971_(51614740631).jpg",bed43207-8881-4d7a-8e62-27b6a1bed402
1-likely,,Ward Springs Park,playground,File:Gateway Spring Creek Park 03 - 26th Ward Plant.jpg,CC BY-SA 4.0,Tdorante10,https://thumb.wikimedia.org/wikipedia/commons/thumb/3/37/Gateway_Spring_Creek_Park_03_-_26th_Ward_Plant.jpg/960px-Gateway_Spring_Creek_Park_03_-_26th_Ward_Plant.jpg?utm_source=commons.wikimedia.org&utm_campaign=imageinfo&utm_content=thumbnail,https://commons.wikimedia.org/wiki/File:Gateway_Spring_Creek_Park_03_-_26th_Ward_Plant.jpg,693b98ad-9c57-497b-9c51-56ded7fa0428
1-likely,,Warren G. Magnuson Park,playground,File:Warren G. Magnuson Park (16569175777).jpg,CC BY 2.0,Seattle Parks,https://thumb.wikimedia.org/wikipedia/commons/thumb/3/3b/Warren_G._Magnuson_Park_%2816569175777%29.jpg/960px-Warren_G._Magnuson_Park_%2816569175777%29.jpg?utm_source=commons.wikimedia.org&utm_campaign=imageinfo&utm_content=thumbnail,https://commons.wikimedia.org/wiki/File:Warren_G._Magnuson_Park_(16569175777).jpg,ea6f9ae8-5d7f-4365-9386-a2140ef43fb8
1-likely,,Waterfront Park,playground,File:Sunset Park waterfront (85311p).jpg,CC BY-SA 4.0,Rhododendrites,https://thumb.wikimedia.org/wikipedia/commons/thumb/e/e6/Sunset_Park_waterfront_%2885311p%29.jpg/960px-Sunset_Park_waterfront_%2885311p%29.jpg?utm_source=commons.wikimedia.org&utm_campaign=imageinfo&utm_content=thumbnail,https://commons.wikimedia.org/wiki/File:Sunset_Park_waterfront_(85311p).jpg,948f5a68-260d-4ce7-8b1a-60435fdbac25
1-likely,,Webster Playground,playground,File:Thomas George Webster (1800-1886) - The Playground - 744 - Guildhall Art Gallery.jpg,Public domain,Thomas Webster,https://thumb.wikimedia.org/wikipedia/commons/thumb/f/f1/Thomas_George_Webster_%281800-1886%29_-_The_Playground_-_744_-_Guildhall_Art_Gallery.jpg/960px-Thomas_George_Webster_%281800-1886%29_-_The_Playground_-_744_-_Guildhall_Art_Gallery.jpg?utm_source=commons.wikimedia.org&utm_campaign=imageinfo&utm_content=thumbnail,https://commons.wikimedia.org/wiki/File:Thomas_George_Webster_(1800-1886)_-_The_Playground_-_744_-_Guildhall_Art_Gallery.jpg,daf3c446-015d-43eb-934f-f5fdea750ac3
1-likely,,Westlake Park,playground,File:Westlake Park.JPG,CC BY-SA 3.0,User:Jon Stockton,https://thumb.wikimedia.org/wikipedia/commons/thumb/4/46/Westlake_Park.JPG/960px-Westlake_Park.JPG?utm_source=commons.wikimedia.org&utm_campaign=imageinfo&utm_content=thumbnail,https://commons.wikimedia.org/wiki/File:Westlake_Park.JPG,c03fd03a-cd8a-46b6-9379-e63d1e319063
1-likely,,Woodland Park,playground,"File:Woodland Park, Colorado (1887).jpg",Public domain,Unknown author Unknown author,https://upload.wikimedia.org/wikipedia/commons/1/1d/Woodland_Park%2C_Colorado_%281887%29.jpg?utm_source=commons.wikimedia.org&utm_campaign=imageinfo&utm_content=thumbnail_unscaled,"https://commons.wikimedia.org/wiki/File:Woodland_Park,_Colorado_(1887).jpg",28652f38-b658-4eb7-983f-97c1bce5fcf0
1-likely,,Wunderkind,indoor_play,File:Thomas Mann Das Wunderkind 1914.jpg,CC BY 3.0,H.-P.Haack,https://thumb.wikimedia.org/wikipedia/commons/thumb/1/16/Thomas_Mann_Das_Wunderkind_1914.jpg/960px-Thomas_Mann_Das_Wunderkind_1914.jpg?utm_source=commons.wikimedia.org&utm_campaign=imageinfo&utm_content=thumbnail,https://commons.wikimedia.org/wiki/File:Thomas_Mann_Das_Wunderkind_1914.jpg,3130badc-57bd-42da-93a7-e38019b3d82c
1-likely,,Yesler Community Center,other,File:Seattle - Neighborhood House Yesler Terrace Family and Social Services Center 02.jpg,CC BY-SA 3.0,Joe Mabel,https://thumb.wikimedia.org/wikipedia/commons/thumb/e/e1/Seattle_-_Neighborhood_House_Yesler_Terrace_Family_and_Social_Services_Center_02.jpg/960px-Seattle_-_Neighborhood_House_Yesler_Terrace_Family_and_Social_Services_Center_02.jpg?utm_source=commons.wikimedia.org&utm_campaign=imageinfo&utm_content=thumbnail,https://commons.wikimedia.org/wiki/File:Seattle_-_Neighborhood_House_Yesler_Terrace_Family_and_Social_Services_Center_02.jpg,c0c7acec-af1e-4018-836b-e2d2ab203d14
1-likely,,Yesler Community Center,playground,File:Seattle - Neighborhood House Yesler Terrace Family and Social Services Center 02.jpg,CC BY-SA 3.0,Joe Mabel,https://thumb.wikimedia.org/wikipedia/commons/thumb/e/e1/Seattle_-_Neighborhood_House_Yesler_Terrace_Family_and_Social_Services_Center_02.jpg/960px-Seattle_-_Neighborhood_House_Yesler_Terrace_Family_and_Social_Services_Center_02.jpg?utm_source=commons.wikimedia.org&utm_campaign=imageinfo&utm_content=thumbnail,https://commons.wikimedia.org/wiki/File:Seattle_-_Neighborhood_House_Yesler_Terrace_Family_and_Social_Services_Center_02.jpg,d69d6050-8e11-4d6b-ac0e-44e440a61f61
2-doubtful,,12th Ave Square Park,playground,"File:Seattle (October 23, 2022) - 92.jpg",CC BY-SA 4.0,Another Believer,https://thumb.wikimedia.org/wikipedia/commons/thumb/d/dc/Seattle_%28October_23%2C_2022%29_-_92.jpg/960px-Seattle_%28October_23%2C_2022%29_-_92.jpg?utm_source=commons.wikimedia.org&utm_campaign=imageinfo&utm_content=thumbnail,"https://commons.wikimedia.org/wiki/File:Seattle_(October_23,_2022)_-_92.jpg",55bc933f-22c1-4b30-acda-de32fb1a3b96
2-doubtful,,12th West / West Howe Park,playground,"File:Filial tribute to the memory of Rev. John Moffat Howe, M.D (IA filialtributetom00reid 0).pdf",Public domain,"Reid, J. M. (John Morrison), 1820-1896 Howe, George Rowland, 1847-1917",https://thumb.wikimedia.org/wikipedia/commons/thumb/6/65/Filial_tribute_to_the_memory_of_Rev._John_Moffat_Howe%2C_M.D_%28IA_filialtributetom00reid_0%29.pdf/page1-500px-Filial_tribute_to_the_memory_of_Rev._John_Moffat_Howe%2C_M.D_%28IA_filialtributetom00reid_0%29.pdf.jpg?utm_source=commons.wikimedia.org&utm_campaign=imageinfo&utm_content=thumbnail,"https://commons.wikimedia.org/wiki/File:Filial_tribute_to_the_memory_of_Rev._John_Moffat_Howe,_M.D_(IA_filialtributetom00reid_0).pdf",722a6c5c-0d25-4329-bb9a-7becafe39b62
2-doubtful,,6th Ave NW Pocket Park,playground,"File:Guide book and complete pocket map of St. Louis- giving early history. statistics, etc., being the only complete pocket map of the city (IA guidebookcomplet00cook).pdf",Public domain,"Cook, J. H., pub. [from old catalog]",https://thumb.wikimedia.org/wikipedia/commons/thumb/e/ee/Guide_book_and_complete_pocket_map_of_St._Louis-_giving_early_history._statistics%2C_etc.%2C_being_the_only_complete_pocket_map_of_the_city_%28IA_guidebookcomplet00cook%29.pdf/page1-500px-thumbnail.pdf.jpg?utm_source=commons.wikimedia.org&utm_campaign=imageinfo&utm_content=thumbnail,"https://commons.wikimedia.org/wiki/File:Guide_book_and_complete_pocket_map_of_St._Louis-_giving_early_history._statistics,_etc.,_being_the_only_complete_pocket_map_of_the_city_(IA_guidebookcomplet00cook).pdf",75855831-ec48-4273-8662-e1b2b9b5c412
2-doubtful,,Albert Davis Park,playground,"File:Olympic Hills neighborhood with new construction, Seattle, 2016-10-29.jpg",CC BY-SA 4.0,Sage Ross,https://thumb.wikimedia.org/wikipedia/commons/thumb/d/d1/Olympic_Hills_neighborhood_with_new_construction%2C_Seattle%2C_2016-10-29.jpg/960px-Olympic_Hills_neighborhood_with_new_construction%2C_Seattle%2C_2016-10-29.jpg?utm_source=commons.wikimedia.org&utm_campaign=imageinfo&utm_content=thumbnail,"https://commons.wikimedia.org/wiki/File:Olympic_Hills_neighborhood_with_new_construction,_Seattle,_2016-10-29.jpg",c8665278-0aac-44d1-8a21-5ebf38f5e4ea
2-doubtful,,Alki Community Center,other,"File:Visit of Maria Damanaki, Member of the EC, to Greece (P-018025-00-05).jpg",CC BY 4.0,"Europäische Kommission - Audiovisueller Dienst, Agence France-Presse (AFP), CE - Service audiovisuel, EC - Audiovisual Service, Alkis Konstantinidis",https://thumb.wikimedia.org/wikipedia/commons/thumb/5/5b/Visit_of_Maria_Damanaki%2C_Member_of_the_EC%2C_to_Greece_%28P-018025-00-05%29.jpg/960px-Visit_of_Maria_Damanaki%2C_Member_of_the_EC%2C_to_Greece_%28P-018025-00-05%29.jpg?utm_source=commons.wikimedia.org&utm_campaign=imageinfo&utm_content=thumbnail,"https://commons.wikimedia.org/wiki/File:Visit_of_Maria_Damanaki,_Member_of_the_EC,_to_Greece_(P-018025-00-05).jpg",6bfcf69a-b8e0-423e-9ecc-7df3a3a01482
2-doubtful,,B.F. Day Playground,playground,"File:The public playground, an interesting development in education .. (IA publicplayground00cali).pdf",Public domain,California. Dept. of public instruction Woman's Christian Temperance Union,https://thumb.wikimedia.org/wikipedia/commons/thumb/4/4d/The_public_playground%2C_an_interesting_development_in_education_.._%28IA_publicplayground00cali%29.pdf/page1-500px-The_public_playground%2C_an_interesting_development_in_education_.._%28IA_publicplayground00cali%29.pdf.jpg?utm_source=commons.wikimedia.org&utm_campaign=imageinfo&utm_content=thumbnail,"https://commons.wikimedia.org/wiki/File:The_public_playground,_an_interesting_development_in_education_.._(IA_publicplayground00cali).pdf",d781e405-1447-4723-918c-ff22c0a9d49e
2-doubtful,,Baker Park on Crown Hill,playground,File:Price list. Fall 1919 - Baker Bros. Co. (IA CAT31301958).pdf,Public domain,Baker Bros. Nursery Henry G. Gilbert Nursery and Seed Trade Catalog Collection,https://thumb.wikimedia.org/wikipedia/commons/thumb/2/21/Price_list._Fall_1919_-_Baker_Bros._Co._%28IA_CAT31301958%29.pdf/page1-500px-Price_list._Fall_1919_-_Baker_Bros._Co._%28IA_CAT31301958%29.pdf.jpg?utm_source=commons.wikimedia.org&utm_campaign=imageinfo&utm_content=thumbnail,https://commons.wikimedia.org/wiki/File:Price_list._Fall_1919_-_Baker_Bros._Co._(IA_CAT31301958).pdf,f2445602-aedf-45f6-a75f-96699499dfe3
2-doubtful,,Ballard Commons Park Water Spray,splash_pad,File:Ballards of bravery (IA ballardsofbraver00bakerich).pdf,Public domain,"Baker, George Melville, 1832-1890",https://thumb.wikimedia.org/wikipedia/commons/thumb/6/6c/Ballards_of_bravery_%28IA_ballardsofbraver00bakerich%29.pdf/page1-960px-Ballards_of_bravery_%28IA_ballardsofbraver00bakerich%29.pdf.jpg?utm_source=commons.wikimedia.org&utm_campaign=imageinfo&utm_content=thumbnail,https://commons.wikimedia.org/wiki/File:Ballards_of_bravery_(IA_ballardsofbraver00bakerich).pdf,3b3027aa-3cb0-4f74-8dfb-773e2039aa66
2-doubtful,,Ballard Corners Park,playground,File:An empty corner at the Park and Ride - geograph.org.uk - 767870.jpg,CC BY-SA 2.0,Sebastian Ballard,https://upload.wikimedia.org/wikipedia/commons/b/b6/An_empty_corner_at_the_Park_and_Ride_-_geograph.org.uk_-_767870.jpg?utm_source=commons.wikimedia.org&utm_campaign=imageinfo&utm_content=thumbnail_unscaled,https://commons.wikimedia.org/wiki/File:An_empty_corner_at_the_Park_and_Ride_-_geograph.org.uk_-_767870.jpg,26a77f22-7f99-4bd5-88df-4169b91ae7c7
2-doubtful,,Bayview-Kinnear Park,playground,"File:The Queen Anne Hill counterbalance looking north from Mercer St on Queen Anne Ave, Seattle (CURTIS 1477).jpeg",Public domain,Asahel Curtis,https://upload.wikimedia.org/wikipedia/commons/6/64/The_Queen_Anne_Hill_counterbalance_looking_north_from_Mercer_St_on_Queen_Anne_Ave%2C_Seattle_%28CURTIS_1477%29.jpeg?utm_source=commons.wikimedia.org&utm_campaign=imageinfo&utm_content=thumbnail_unscaled,"https://commons.wikimedia.org/wiki/File:The_Queen_Anne_Hill_counterbalance_looking_north_from_Mercer_St_on_Queen_Anne_Ave,_Seattle_(CURTIS_1477).jpeg",c2baa3a0-e2a7-4d8f-8fa7-0b59a562a5fe
2-doubtful,,Beacon Hill Playground,playground,File:Ede Road Playground.jpg,CC BY 4.0,AromaticWaffle,https://thumb.wikimedia.org/wikipedia/commons/thumb/9/9b/Ede_Road_Playground.jpg/960px-Ede_Road_Playground.jpg?utm_source=commons.wikimedia.org&utm_campaign=imageinfo&utm_content=thumbnail,https://commons.wikimedia.org/wiki/File:Ede_Road_Playground.jpg,95040cf2-c4aa-4451-bca3-7807fc5cacbe
2-doubtful,,Beacon Hill Playground Wading Pool,splash_pad,"File:General plan of a park and playground system for New London, Conn. (IA generalplanofpar00nolerich).pdf",Public domain,"Nolen, John, 1869-1937",https://thumb.wikimedia.org/wikipedia/commons/thumb/6/68/General_plan_of_a_park_and_playground_system_for_New_London%2C_Conn._%28IA_generalplanofpar00nolerich%29.pdf/page1-500px-General_plan_of_a_park_and_playground_system_for_New_London%2C_Conn._%28IA_generalplanofpar00nolerich%29.pdf.jpg?utm_source=commons.wikimedia.org&utm_campaign=imageinfo&utm_content=thumbnail,"https://commons.wikimedia.org/wiki/File:General_plan_of_a_park_and_playground_system_for_New_London,_Conn._(IA_generalplanofpar00nolerich).pdf",616bf6cc-3239-445e-98bb-553982db9b1c
2-doubtful,,Beacon Mountain Water Spray,splash_pad,File:Song spray (IA songspray00coll).pdf,Public domain,"Collier, Thomas S. (Thomas Stephens), 1842-1893",https://thumb.wikimedia.org/wikipedia/commons/thumb/c/c7/Song_spray_%28IA_songspray00coll%29.pdf/page1-500px-Song_spray_%28IA_songspray00coll%29.pdf.jpg?utm_source=commons.wikimedia.org&utm_campaign=imageinfo&utm_content=thumbnail,https://commons.wikimedia.org/wiki/File:Song_spray_(IA_songspray00coll).pdf,de1cfa55-bee1-484f-9dcd-637f3fff39b6
2-doubtful,,Benefit Playground,playground,File:Harry Chapin Playground plaque.jpg,CC BY-SA 4.0,Spudgun67,https://thumb.wikimedia.org/wikipedia/commons/thumb/b/b4/Harry_Chapin_Playground_plaque.jpg/960px-Harry_Chapin_Playground_plaque.jpg?utm_source=commons.wikimedia.org&utm_campaign=imageinfo&utm_content=thumbnail,https://commons.wikimedia.org/wiki/File:Harry_Chapin_Playground_plaque.jpg,285c597c-fab7-42d0-a87f-039408e93722
2-doubtful,,Bitter Lake Community Center,other,File:Bitter Creek Wilderness environmental impact statement (IA bittercreekwilde28unit).pdf,Public domain,United States. Bureau of Land Management. Lewistown District United States. Bureau of Land Management. Montana State Office,https://thumb.wikimedia.org/wikipedia/commons/thumb/c/c5/Bitter_Creek_Wilderness_environmental_impact_statement_%28IA_bittercreekwilde28unit%29.pdf/page1-960px-Bitter_Creek_Wilderness_environmental_impact_statement_%28IA_bittercreekwilde28unit%29.pdf.jpg?utm_source=commons.wikimedia.org&utm_campaign=imageinfo&utm_content=thumbnail,https://commons.wikimedia.org/wiki/File:Bitter_Creek_Wilderness_environmental_impact_statement_(IA_bittercreekwilde28unit).pdf,3b5a3eae-8940-44c9-8d5b-e1b894e00243
2-doubtful,,Bitter Lake Open Space Park,playground,"File:The lay of the last minstrel, Marmion, The Lake of the lake (IA layoflastminstre043scot).pdf",Public domain,"Scott, Walter, Sir, 1771-1832",https://thumb.wikimedia.org/wikipedia/commons/thumb/a/a2/The_lay_of_the_last_minstrel%2C_Marmion%2C_The_Lake_of_the_lake_%28IA_layoflastminstre043scot%29.pdf/page1-500px-The_lay_of_the_last_minstrel%2C_Marmion%2C_The_Lake_of_the_lake_%28IA_layoflastminstre043scot%29.pdf.jpg?utm_source=commons.wikimedia.org&utm_campaign=imageinfo&utm_content=thumbnail,"https://commons.wikimedia.org/wiki/File:The_lay_of_the_last_minstrel,_Marmion,_The_Lake_of_the_lake_(IA_layoflastminstre043scot).pdf",da77a360-e784-4880-9307-ccee1450df33
2-doubtful,,Bitter Lake Playfield Wading Pool,splash_pad,"File:Trolley exploring - an electric railroad guide to historic & picturesque places about New York, New Jersey, and New England (IA trolleyexploring00chil).pdf",Public domain,"Childe, Cromwell",https://thumb.wikimedia.org/wikipedia/commons/thumb/e/e6/Trolley_exploring_-_an_electric_railroad_guide_to_historic_%26_picturesque_places_about_New_York%2C_New_Jersey%2C_and_New_England_%28IA_trolleyexploring00chil%29.pdf/page1-960px-Trolley_exploring_-_an_electric_railroad_guide_to_historic_%26_picturesque_places_about_New_York%2C_New_Jersey%2C_and_New_England_%28IA_trolleyexploring00chil%29.pdf.jpg?utm_source=commons.wikimedia.org&utm_campaign=imageinfo&utm_content=thumbnail,"https://commons.wikimedia.org/wiki/File:Trolley_exploring_-_an_electric_railroad_guide_to_historic_&_picturesque_places_about_New_York,_New_Jersey,_and_New_England_(IA_trolleyexploring00chil).pdf",a563a08e-cf42-4564-9c47-ae39959a9bd7
2-doubtful,,Brighton Playfield,playground,File:Indianapolis recreation survey (IA indianapolisrecr00nati).pdf,Public domain,"National Recreation Association North, Francis Reid, 1876- Indianapolis Chamber of Commerce",https://thumb.wikimedia.org/wikipedia/commons/thumb/0/05/Indianapolis_recreation_survey_%28IA_indianapolisrecr00nati%29.pdf/page1-500px-Indianapolis_recreation_survey_%28IA_indianapolisrecr00nati%29.pdf.jpg?utm_source=commons.wikimedia.org&utm_campaign=imageinfo&utm_content=thumbnail,https://commons.wikimedia.org/wiki/File:Indianapolis_recreation_survey_(IA_indianapolisrecr00nati).pdf,867f5131-2a7a-4da7-8ef8-f702543a2aac
2-doubtful,,Cheryl Chow Park,playground,"File:Gros, gras et Constitutionnel - DPLA - 244c3d38cf72f89f0fd3faba31e41d80.jpg",Public domain,"Daumier, Honoré, 1808-1879",https://thumb.wikimedia.org/wikipedia/commons/thumb/8/8a/Gros%2C_gras_et_Constitutionnel_-_DPLA_-_244c3d38cf72f89f0fd3faba31e41d80.jpg/960px-Gros%2C_gras_et_Constitutionnel_-_DPLA_-_244c3d38cf72f89f0fd3faba31e41d80.jpg?utm_source=commons.wikimedia.org&utm_campaign=imageinfo&utm_content=thumbnail,"https://commons.wikimedia.org/wiki/File:Gros,_gras_et_Constitutionnel_-_DPLA_-_244c3d38cf72f89f0fd3faba31e41d80.jpg",8fd878a4-2eb9-4d47-a2cb-66c7d4b3bef5
2-doubtful,,Colman Playground,playground,"File:Children's playground in Volunteer Park, ca. 1910 - DPLA - 45ff0e123691cee0ed3685a4b0406002 (page 1).jpg",Public domain,"Toles, F.L",https://thumb.wikimedia.org/wikipedia/commons/thumb/7/7c/Children%27s_playground_in_Volunteer_Park%2C_ca._1910_-_DPLA_-_45ff0e123691cee0ed3685a4b0406002_%28page_1%29.jpg/960px-Children%27s_playground_in_Volunteer_Park%2C_ca._1910_-_DPLA_-_45ff0e123691cee0ed3685a4b0406002_%28page_1%29.jpg?utm_source=commons.wikimedia.org&utm_campaign=imageinfo&utm_content=thumbnail,"https://commons.wikimedia.org/wiki/File:Children's_playground_in_Volunteer_Park,_ca._1910_-_DPLA_-_45ff0e123691cee0ed3685a4b0406002_(page_1).jpg",7b5650cc-74bc-4a16-a272-9d7a28f79a3a
2-doubtful,,E Queen Anne Playground,playground,File:Sweet Anne Page (IA sweetannepage03coll).pdf,Public domain,"Collins, Mortimer, 1827-1876",https://thumb.wikimedia.org/wikipedia/commons/thumb/c/c8/Sweet_Anne_Page_%28IA_sweetannepage03coll%29.pdf/page1-500px-Sweet_Anne_Page_%28IA_sweetannepage03coll%29.pdf.jpg?utm_source=commons.wikimedia.org&utm_campaign=imageinfo&utm_content=thumbnail,https://commons.wikimedia.org/wiki/File:Sweet_Anne_Page_(IA_sweetannepage03coll).pdf,a5915990-b963-4748-94ae-cce21cbb9deb
2-doubtful,,E.C. Hughes Playground,playground,File:The Playground (IA playground07playrich).pdf,Public domain,Playground Association of America Playground and Recreation Association of America,https://thumb.wikimedia.org/wikipedia/commons/thumb/2/2e/The_Playground_%28IA_playground07playrich%29.pdf/page1-500px-The_Playground_%28IA_playground07playrich%29.pdf.jpg?utm_source=commons.wikimedia.org&utm_campaign=imageinfo&utm_content=thumbnail,https://commons.wikimedia.org/wiki/File:The_Playground_(IA_playground07playrich).pdf,dc4e339d-d9be-495d-aeaf-98d5e786b5d8
2-doubtful,,E.C. Hughes Playground Wading Pool,splash_pad,File:The Playground (IA playground07playrich).pdf,Public domain,Playground Association of America Playground and Recreation Association of America,https://thumb.wikimedia.org/wikipedia/commons/thumb/2/2e/The_Playground_%28IA_playground07playrich%29.pdf/page1-500px-The_Playground_%28IA_playground07playrich%29.pdf.jpg?utm_source=commons.wikimedia.org&utm_campaign=imageinfo&utm_content=thumbnail,https://commons.wikimedia.org/wiki/File:The_Playground_(IA_playground07playrich).pdf,f87a3712-a504-4248-882e-ed82e2d730a4
2-doubtful,,East Queen Anne Playground Wading Pool,splash_pad,File:July 1960 - DPLA - 803ca93ee619dbf4b0d153cfb8e10caa (page 1).pdf,Public domain,Department of State. International Cooperation Administration. Executive Secretariat. 6/30/1955-11/1961,https://thumb.wikimedia.org/wikipedia/commons/thumb/6/60/July_1960_-_DPLA_-_803ca93ee619dbf4b0d153cfb8e10caa_%28page_1%29.pdf/page1-960px-July_1960_-_DPLA_-_803ca93ee619dbf4b0d153cfb8e10caa_%28page_1%29.pdf.jpg?utm_source=commons.wikimedia.org&utm_campaign=imageinfo&utm_content=thumbnail,https://commons.wikimedia.org/wiki/File:July_1960_-_DPLA_-_803ca93ee619dbf4b0d153cfb8e10caa_(page_1).pdf,5cd01b8f-450b-4db7-8935-923b25e5772a
2-doubtful,,Edwin T. Pratt Park Water Spray,splash_pad,File:Report of the Board of Metropolitan Park Commissioners (IA reportofboardofm1904mass).pdf,Public domain,"Massachusetts. Metropolitan Park Commission Adams, Charles Francis, 1835-1915 Casas, William Beltras de las, 1857-",https://thumb.wikimedia.org/wikipedia/commons/thumb/1/1d/Report_of_the_Board_of_Metropolitan_Park_Commissioners_%28IA_reportofboardofm1904mass%29.pdf/page1-500px-Report_of_the_Board_of_Metropolitan_Park_Commissioners_%28IA_reportofboardofm1904mass%29.pdf.jpg?utm_source=commons.wikimedia.org&utm_campaign=imageinfo&utm_content=thumbnail,https://commons.wikimedia.org/wiki/File:Report_of_the_Board_of_Metropolitan_Park_Commissioners_(IA_reportofboardofm1904mass).pdf,b2501358-6c4c-4b8b-92a3-8f80168fea03
2-doubtful,,Fairmount Playground - School,playground,File:The Playground (IA playground09playrich).pdf,Public domain,Playground Association of America Playground and Recreation Association of America,https://thumb.wikimedia.org/wikipedia/commons/thumb/6/6b/The_Playground_%28IA_playground09playrich%29.pdf/page1-500px-The_Playground_%28IA_playground09playrich%29.pdf.jpg?utm_source=commons.wikimedia.org&utm_campaign=imageinfo&utm_content=thumbnail,https://commons.wikimedia.org/wiki/File:The_Playground_(IA_playground09playrich).pdf,d4c26f20-a24e-411c-9d25-3308f3ae02e2
2-doubtful,,Flo Ware Park,playground,"File:Seattle, WA (August 2024) - 63.jpg",CC BY-SA 4.0,Another Believer,https://thumb.wikimedia.org/wikipedia/commons/thumb/a/a5/Seattle%2C_WA_%28August_2024%29_-_63.jpg/960px-Seattle%2C_WA_%28August_2024%29_-_63.jpg?utm_source=commons.wikimedia.org&utm_campaign=imageinfo&utm_content=thumbnail,"https://commons.wikimedia.org/wiki/File:Seattle,_WA_(August_2024)_-_63.jpg",b4cf06f6-1e87-4de8-b3c5-bc17d1501ce2
2-doubtful,,Froula Playground,playground,"File:National conference on secondary education and its problems, held at Northwestern university, October 30 and 31, 1903. Stenographic report of the proceedings (IA nationalconferen00natirich).pdf",Public domain,"National Conference on Secondary Education and its Problems (1903 : Evanston) Northwestern University (Evanston, Ill.) Fuller, Roy E. Froula, Vaclav Karel, 1873-",https://thumb.wikimedia.org/wikipedia/commons/thumb/1/11/National_conference_on_secondary_education_and_its_problems%2C_held_at_Northwestern_university%2C_October_30_and_31%2C_1903._Stenographic_report_of_the_proceedings_%28IA_nationalconferen00natirich%29.pdf/page1-500px-thumbnail.pdf.jpg?utm_source=commons.wikimedia.org&utm_campaign=imageinfo&utm_content=thumbnail,"https://commons.wikimedia.org/wiki/File:National_conference_on_secondary_education_and_its_problems,_held_at_Northwestern_university,_October_30_and_31,_1903._Stenographic_report_of_the_proceedings_(IA_nationalconferen00natirich).pdf",ca84af5e-1038-472b-a6de-88a50873ba07
2-doubtful,,Garfield Playfield,playground,File:Indianapolis recreation survey (IA indianapolisrecr00nati).pdf,Public domain,"National Recreation Association North, Francis Reid, 1876- Indianapolis Chamber of Commerce",https://thumb.wikimedia.org/wikipedia/commons/thumb/0/05/Indianapolis_recreation_survey_%28IA_indianapolisrecr00nati%29.pdf/page1-500px-Indianapolis_recreation_survey_%28IA_indianapolisrecr00nati%29.pdf.jpg?utm_source=commons.wikimedia.org&utm_campaign=imageinfo&utm_content=thumbnail,https://commons.wikimedia.org/wiki/File:Indianapolis_recreation_survey_(IA_indianapolisrecr00nati).pdf,41c5f9fa-6dd8-4967-96fd-f93dbe79c580
2-doubtful,,Genesee Park and Playfield,playground,"File:Lake Washington and Mount Rainier, ca. 1910 - DPLA - 18e28817b6e06f5efa2a7222ecebde37.jpg",Public domain,"Piper, Walter F",https://thumb.wikimedia.org/wikipedia/commons/thumb/e/e6/Lake_Washington_and_Mount_Rainier%2C_ca._1910_-_DPLA_-_18e28817b6e06f5efa2a7222ecebde37.jpg/960px-Lake_Washington_and_Mount_Rainier%2C_ca._1910_-_DPLA_-_18e28817b6e06f5efa2a7222ecebde37.jpg?utm_source=commons.wikimedia.org&utm_campaign=imageinfo&utm_content=thumbnail,"https://commons.wikimedia.org/wiki/File:Lake_Washington_and_Mount_Rainier,_ca._1910_-_DPLA_-_18e28817b6e06f5efa2a7222ecebde37.jpg",06c71239-b6d8-4c5b-84c3-e8d4ba6eff38
2-doubtful,,Genesee Park and Playfield,playground,"File:Lake Washington and Mount Rainier, ca. 1910 - DPLA - 18e28817b6e06f5efa2a7222ecebde37.jpg",Public domain,"Piper, Walter F",https://thumb.wikimedia.org/wikipedia/commons/thumb/e/e6/Lake_Washington_and_Mount_Rainier%2C_ca._1910_-_DPLA_-_18e28817b6e06f5efa2a7222ecebde37.jpg/960px-Lake_Washington_and_Mount_Rainier%2C_ca._1910_-_DPLA_-_18e28817b6e06f5efa2a7222ecebde37.jpg?utm_source=commons.wikimedia.org&utm_campaign=imageinfo&utm_content=thumbnail,"https://commons.wikimedia.org/wiki/File:Lake_Washington_and_Mount_Rainier,_ca._1910_-_DPLA_-_18e28817b6e06f5efa2a7222ecebde37.jpg",6cb65391-8a15-4048-842b-43753871c124
2-doubtful,,Gilman Playground,playground,File:Playground Toni (IA playgroundtoni00raya).pdf,Public domain,"Ray, Anna Chapin, 1865-1945",https://thumb.wikimedia.org/wikipedia/commons/thumb/5/5d/Playground_Toni_%28IA_playgroundtoni00raya%29.pdf/page1-960px-Playground_Toni_%28IA_playgroundtoni00raya%29.pdf.jpg?utm_source=commons.wikimedia.org&utm_campaign=imageinfo&utm_content=thumbnail,https://commons.wikimedia.org/wiki/File:Playground_Toni_(IA_playgroundtoni00raya).pdf,6d4b202d-5a84-49bf-8a07-768c7685800a
2-doubtful,,Gilman Playground Wading Pool,splash_pad,"File:General plan of a park and playground system for New London, Conn. (IA generalplanofpar00nolerich).pdf",Public domain,"Nolen, John, 1869-1937",https://thumb.wikimedia.org/wikipedia/commons/thumb/6/68/General_plan_of_a_park_and_playground_system_for_New_London%2C_Conn._%28IA_generalplanofpar00nolerich%29.pdf/page1-500px-General_plan_of_a_park_and_playground_system_for_New_London%2C_Conn._%28IA_generalplanofpar00nolerich%29.pdf.jpg?utm_source=commons.wikimedia.org&utm_campaign=imageinfo&utm_content=thumbnail,"https://commons.wikimedia.org/wiki/File:General_plan_of_a_park_and_playground_system_for_New_London,_Conn._(IA_generalplanofpar00nolerich).pdf",2c821b4b-021e-40bd-8441-33c0e66254ac
2-doubtful,,Green Lake Park,playground,"File:Southwest part of Cuihu Park, Kunming (20240214121712).jpg",CC BY-SA 4.0,N509FZ,https://thumb.wikimedia.org/wikipedia/commons/thumb/b/b1/Southwest_part_of_Cuihu_Park%2C_Kunming_%2820240214121712%29.jpg/960px-Southwest_part_of_Cuihu_Park%2C_Kunming_%2820240214121712%29.jpg?utm_source=commons.wikimedia.org&utm_campaign=imageinfo&utm_content=thumbnail,"https://commons.wikimedia.org/wiki/File:Southwest_part_of_Cuihu_Park,_Kunming_(20240214121712).jpg",52e8e1ca-4cca-43ea-ba4a-902cfe9ed761
2-doubtful,,Green Lake Park Wading Pool,splash_pad,File:The Negro Travelers' Green Book 1954.pdf,CC0,Victor Hugo Green,https://thumb.wikimedia.org/wikipedia/commons/thumb/1/1c/The_Negro_Travelers%27_Green_Book_1954.pdf/page1-960px-The_Negro_Travelers%27_Green_Book_1954.pdf.jpg?utm_source=commons.wikimedia.org&utm_campaign=imageinfo&utm_content=thumbnail,https://commons.wikimedia.org/wiki/File:The_Negro_Travelers'_Green_Book_1954.pdf,186db378-6086-49d6-8a6b-275b7bb35f73
2-doubtful,,Highland Park Playground Water Spray,splash_pad,File:Park and cemetery (IA parkcemeteryland1314unse).pdf,Public domain,"Haight, R. J. (Rufus J.) Massachusetts Horticultural Society, former owner",https://thumb.wikimedia.org/wikipedia/commons/thumb/1/1f/Park_and_cemetery_%28IA_parkcemeteryland1314unse%29.pdf/page1-960px-Park_and_cemetery_%28IA_parkcemeteryland1314unse%29.pdf.jpg?utm_source=commons.wikimedia.org&utm_campaign=imageinfo&utm_content=thumbnail,https://commons.wikimedia.org/wiki/File:Park_and_cemetery_(IA_parkcemeteryland1314unse).pdf,4ced2010-873f-470d-8fc2-07dfeeb62174
2-doubtful,,Hoa Mai Park,playground,"File:Seattle, WA - July 2024 - 47.jpg",CC BY-SA 4.0,Another Believer,https://thumb.wikimedia.org/wikipedia/commons/thumb/4/4c/Seattle%2C_WA_-_July_2024_-_47.jpg/960px-Seattle%2C_WA_-_July_2024_-_47.jpg?utm_source=commons.wikimedia.org&utm_campaign=imageinfo&utm_content=thumbnail,"https://commons.wikimedia.org/wiki/File:Seattle,_WA_-_July_2024_-_47.jpg",102eed2a-d8a4-49e9-9eab-533ba7bb8d1f
2-doubtful,,Hutchinson Playground,playground,File:Playground - North Boundary Road - geograph.org.uk - 1099311.jpg,CC BY-SA 2.0,Paul Hutchinson,https://upload.wikimedia.org/wikipedia/commons/e/e9/Playground_-_North_Boundary_Road_-_geograph.org.uk_-_1099311.jpg?utm_source=commons.wikimedia.org&utm_campaign=imageinfo&utm_content=thumbnail_unscaled,https://commons.wikimedia.org/wiki/File:Playground_-_North_Boundary_Road_-_geograph.org.uk_-_1099311.jpg,cec2692b-fe73-43f5-a81a-3278e92fccca
2-doubtful,,International Childrens Park,playground,File:Children's playground in the sanatorium park in Shklo.jpg,CC BY-SA 4.0,Rbrechko,https://thumb.wikimedia.org/wikipedia/commons/thumb/4/4a/Children%27s_playground_in_the_sanatorium_park_in_Shklo.jpg/960px-Children%27s_playground_in_the_sanatorium_park_in_Shklo.jpg?utm_source=commons.wikimedia.org&utm_campaign=imageinfo&utm_content=thumbnail,https://commons.wikimedia.org/wiki/File:Children's_playground_in_the_sanatorium_park_in_Shklo.jpg,8691b1cd-751e-463f-8896-f7475f6c0b37
2-doubtful,,International District Community Center,other,File:Seattle - Nihon Go Gakko 01.jpg,CC BY-SA 3.0,Joe Mabel,https://thumb.wikimedia.org/wikipedia/commons/thumb/2/2e/Seattle_-_Nihon_Go_Gakko_01.jpg/960px-Seattle_-_Nihon_Go_Gakko_01.jpg?utm_source=commons.wikimedia.org&utm_campaign=imageinfo&utm_content=thumbnail,https://commons.wikimedia.org/wiki/File:Seattle_-_Nihon_Go_Gakko_01.jpg,ef5442fa-3e03-460e-8e38-b94f2c3732c2
2-doubtful,,"John C. Little, Sr. Park",playground,"File:Sr. Martin Mar-all, ... 1697 (IA bim early-english-books-1641-1700 sr-martin-mar-all- dryden-john 1697).pdf",Public domain,"Dryden, John.",https://thumb.wikimedia.org/wikipedia/commons/thumb/b/bc/Sr._Martin_Mar-all%2C_..._1697_%28IA_bim_early-english-books-1641-1700_sr-martin-mar-all-_dryden-john_1697%29.pdf/page1-500px-Sr._Martin_Mar-all%2C_..._1697_%28IA_bim_early-english-books-1641-1700_sr-martin-mar-all-_dryden-john_1697%29.pdf.jpg?utm_source=commons.wikimedia.org&utm_campaign=imageinfo&utm_content=thumbnail,"https://commons.wikimedia.org/wiki/File:Sr._Martin_Mar-all,_..._1697_(IA_bim_early-english-books-1641-1700_sr-martin-mar-all-_dryden-john_1697).pdf",b5336fa5-f91a-429e-b5dd-87f7c7d64774
2-doubtful,,"John C. Little, Sr. Park Water Spray",splash_pad,File:The works of John Ruskin (IA worksofjohnruski24rusk).pdf,Public domain,"Ruskin, John, 1819-1900 Cook, Edward Tyas, Sir, 1857-1919 Wedderburn, Alexander Dundas Ogilvy, 1854-1931",https://thumb.wikimedia.org/wikipedia/commons/thumb/3/37/The_works_of_John_Ruskin_%28IA_worksofjohnruski24rusk%29.pdf/page1-500px-The_works_of_John_Ruskin_%28IA_worksofjohnruski24rusk%29.pdf.jpg?utm_source=commons.wikimedia.org&utm_campaign=imageinfo&utm_content=thumbnail,https://commons.wikimedia.org/wiki/File:The_works_of_John_Ruskin_(IA_worksofjohnruski24rusk).pdf,c409b34e-b1f0-40f3-8ebd-8dfecc1bc249
2-doubtful,,Kirke Park,playground,File:Kirkeparken Sandefjord sett fra Stockfleths gate foran kirken.jpg,CC BY-SA 4.0,Helge Høifødt,https://thumb.wikimedia.org/wikipedia/commons/thumb/6/68/Kirkeparken_Sandefjord_sett_fra_Stockfleths_gate_foran_kirken.jpg/960px-Kirkeparken_Sandefjord_sett_fra_Stockfleths_gate_foran_kirken.jpg?utm_source=commons.wikimedia.org&utm_campaign=imageinfo&utm_content=thumbnail,https://commons.wikimedia.org/wiki/File:Kirkeparken_Sandefjord_sett_fra_Stockfleths_gate_foran_kirken.jpg,54b03961-66df-449c-8f29-c3254b24560b
2-doubtful,,Lake Union Park Water Spray,splash_pad,File:Spray irrigation (IA sprayirrigation495will).pdf,Public domain,"Williams, Milo Beyer, 1882-",https://thumb.wikimedia.org/wikipedia/commons/thumb/a/a5/Spray_irrigation_%28IA_sprayirrigation495will%29.pdf/page1-960px-Spray_irrigation_%28IA_sprayirrigation495will%29.pdf.jpg?utm_source=commons.wikimedia.org&utm_campaign=imageinfo&utm_content=thumbnail,https://commons.wikimedia.org/wiki/File:Spray_irrigation_(IA_sprayirrigation495will).pdf,17730cab-d5f2-43a8-b58a-714a3f4baf03
2-doubtful,,Loyal Heights Community Center,other,File:Old and great and loyal (IA oldgreatloyal00eves).pdf,Public domain,"[Eves, Edward Holt], 1861- [from old catalog]",https://thumb.wikimedia.org/wikipedia/commons/thumb/c/c7/Old_and_great_and_loyal_%28IA_oldgreatloyal00eves%29.pdf/page1-960px-Old_and_great_and_loyal_%28IA_oldgreatloyal00eves%29.pdf.jpg?utm_source=commons.wikimedia.org&utm_campaign=imageinfo&utm_content=thumbnail,https://commons.wikimedia.org/wiki/File:Old_and_great_and_loyal_(IA_oldgreatloyal00eves).pdf,7f441eb4-1d23-408a-a185-5f008912b453
2-doubtful,,Loyal Heights Playfield,playground,File:Mountaineering (IA mountaineering00dentiala).pdf,Public domain,"Dent, C. T. (Clinton Thomas), 1850-1912",https://thumb.wikimedia.org/wikipedia/commons/thumb/2/28/Mountaineering_%28IA_mountaineering00dentiala%29.pdf/page1-500px-Mountaineering_%28IA_mountaineering00dentiala%29.pdf.jpg?utm_source=commons.wikimedia.org&utm_campaign=imageinfo&utm_content=thumbnail,https://commons.wikimedia.org/wiki/File:Mountaineering_(IA_mountaineering00dentiala).pdf,65407fc0-8db5-454b-8aec-3e6db76204f6
2-doubtful,,Magnuson Community Center,other,File:Warren Grant Magnuson Clinical Center (IA warrengrantmagnu00nati 0).pdf,Public domain,National Institutes of Health (U.S.),https://thumb.wikimedia.org/wikipedia/commons/thumb/a/ae/Warren_Grant_Magnuson_Clinical_Center_%28IA_warrengrantmagnu00nati_0%29.pdf/page1-960px-Warren_Grant_Magnuson_Clinical_Center_%28IA_warrengrantmagnu00nati_0%29.pdf.jpg?utm_source=commons.wikimedia.org&utm_campaign=imageinfo&utm_content=thumbnail,https://commons.wikimedia.org/wiki/File:Warren_Grant_Magnuson_Clinical_Center_(IA_warrengrantmagnu00nati_0).pdf,2c301331-d37b-4bc4-b9fb-9d1a821a3e8a
2-doubtful,,Maplewood Playfield,playground,"File:Trolley exploring - an electric railroad guide to historic & picturesque places about New York, New Jersey, and New England (IA trolleyexploring00chil).pdf",Public domain,"Childe, Cromwell",https://thumb.wikimedia.org/wikipedia/commons/thumb/e/e6/Trolley_exploring_-_an_electric_railroad_guide_to_historic_%26_picturesque_places_about_New_York%2C_New_Jersey%2C_and_New_England_%28IA_trolleyexploring00chil%29.pdf/page1-960px-Trolley_exploring_-_an_electric_railroad_guide_to_historic_%26_picturesque_places_about_New_York%2C_New_Jersey%2C_and_New_England_%28IA_trolleyexploring00chil%29.pdf.jpg?utm_source=commons.wikimedia.org&utm_campaign=imageinfo&utm_content=thumbnail,"https://commons.wikimedia.org/wiki/File:Trolley_exploring_-_an_electric_railroad_guide_to_historic_&_picturesque_places_about_New_York,_New_Jersey,_and_New_England_(IA_trolleyexploring00chil).pdf",2d25fc08-62a4-4101-bc8f-6e55ff63ef62
2-doubtful,,Meadowbrook Community Center,other,File:Rock Creek Community Center.jpg,CC BY-SA 4.0,JohnInDC,https://thumb.wikimedia.org/wikipedia/commons/thumb/b/bc/Rock_Creek_Community_Center.jpg/960px-Rock_Creek_Community_Center.jpg?utm_source=commons.wikimedia.org&utm_campaign=imageinfo&utm_content=thumbnail,https://commons.wikimedia.org/wiki/File:Rock_Creek_Community_Center.jpg,f228cc89-3330-4f35-9c05-c2a569720264
2-doubtful,,Meridian Playground,playground,File:Seattle - Good Shepherd 02.jpg,CC BY-SA 3.0,Joe Mabel,https://thumb.wikimedia.org/wikipedia/commons/thumb/0/08/Seattle_-_Good_Shepherd_02.jpg/960px-Seattle_-_Good_Shepherd_02.jpg?utm_source=commons.wikimedia.org&utm_campaign=imageinfo&utm_content=thumbnail,https://commons.wikimedia.org/wiki/File:Seattle_-_Good_Shepherd_02.jpg,7a0e508b-84e6-45c2-a0e8-4dd521aa253f
2-doubtful,,Miller Community Center,other,File:Orange Park FL Negro Elem School01.jpg,CC BY-SA 3.0,Ebyabe,https://thumb.wikimedia.org/wikipedia/commons/thumb/4/4e/Orange_Park_FL_Negro_Elem_School01.jpg/960px-Orange_Park_FL_Negro_Elem_School01.jpg?utm_source=commons.wikimedia.org&utm_campaign=imageinfo&utm_content=thumbnail,https://commons.wikimedia.org/wiki/File:Orange_Park_FL_Negro_Elem_School01.jpg,825f5235-7c69-4d2a-82e8-0385b3aebf9f
2-doubtful,,Miller Playfield,playground,"File:Lincoln Park and Bonney Watson Funeral Home, ca. 1915 - DPLA - 7e6f8fea418b8c1e60cf02e1bd8d36fc.jpg",Public domain,Curtis & Miller,https://thumb.wikimedia.org/wikipedia/commons/thumb/5/5a/Lincoln_Park_and_Bonney_Watson_Funeral_Home%2C_ca._1915_-_DPLA_-_7e6f8fea418b8c1e60cf02e1bd8d36fc.jpg/960px-Lincoln_Park_and_Bonney_Watson_Funeral_Home%2C_ca._1915_-_DPLA_-_7e6f8fea418b8c1e60cf02e1bd8d36fc.jpg?utm_source=commons.wikimedia.org&utm_campaign=imageinfo&utm_content=thumbnail,"https://commons.wikimedia.org/wiki/File:Lincoln_Park_and_Bonney_Watson_Funeral_Home,_ca._1915_-_DPLA_-_7e6f8fea418b8c1e60cf02e1bd8d36fc.jpg",edc82618-03ba-49c1-a492-cc143502ee34
2-doubtful,,Mounger Pool,pool,"File:Presidential Daily Diary, compiled 11-1969.pdf",Public domain,Unknown author Unknown author or not provided,https://thumb.wikimedia.org/wikipedia/commons/thumb/9/9f/Presidential_Daily_Diary%2C_compiled_11-1969.pdf/page1-960px-Presidential_Daily_Diary%2C_compiled_11-1969.pdf.jpg?utm_source=commons.wikimedia.org&utm_campaign=imageinfo&utm_content=thumbnail,"https://commons.wikimedia.org/wiki/File:Presidential_Daily_Diary,_compiled_11-1969.pdf",6b21ae02-2b82-4c38-bce2-0564b9dc091d
2-doubtful,,Mrytle Reservoir Park,playground,"File:Durham, N.C. Directory (1911-1912) - DPLA - df2a4ae458df56b20a9e93951f3ddeb2.pdf",Public domain,Hill Directory Company,https://thumb.wikimedia.org/wikipedia/commons/thumb/0/01/Durham%2C_N.C._Directory_%281911-1912%29_-_DPLA_-_df2a4ae458df56b20a9e93951f3ddeb2.pdf/page1-500px-Durham%2C_N.C._Directory_%281911-1912%29_-_DPLA_-_df2a4ae458df56b20a9e93951f3ddeb2.pdf.jpg?utm_source=commons.wikimedia.org&utm_campaign=imageinfo&utm_content=thumbnail,"https://commons.wikimedia.org/wiki/File:Durham,_N.C._Directory_(1911-1912)_-_DPLA_-_df2a4ae458df56b20a9e93951f3ddeb2.pdf",2663dc02-2b85-43ed-8bb3-5b6792f93d5c
2-doubtful,,Overlook Walk (Alaskan Way Boulevard),playground,File:Lewis and Clark Centennial Exposition (1905).djvu,Public domain,Olin Dunbar Wheeler,https://thumb.wikimedia.org/wikipedia/commons/thumb/3/3a/Lewis_and_Clark_Centennial_Exposition_%281905%29.djvu/page1-960px-Lewis_and_Clark_Centennial_Exposition_%281905%29.djvu.jpg?utm_source=commons.wikimedia.org&utm_campaign=imageinfo&utm_content=thumbnail,https://commons.wikimedia.org/wiki/File:Lewis_and_Clark_Centennial_Exposition_(1905).djvu,d58a4fe9-28f9-471f-b54a-8f2aa3811177
2-doubtful,,Peppi Playground,playground,"File:Pan-Aruban (June 22, 1929) (IA BNA-DIG-PANARUBAN-1929-01).pdf",Public domain,Lago Oil and Transport Co. Ltd.,https://thumb.wikimedia.org/wikipedia/commons/thumb/f/fb/Pan-Aruban_%28June_22%2C_1929%29_%28IA_BNA-DIG-PANARUBAN-1929-01%29.pdf/page1-330px-Pan-Aruban_%28June_22%2C_1929%29_%28IA_BNA-DIG-PANARUBAN-1929-01%29.pdf.jpg?utm_source=commons.wikimedia.org&utm_campaign=imageinfo&utm_content=thumbnail,"https://commons.wikimedia.org/wiki/File:Pan-Aruban_(June_22,_1929)_(IA_BNA-DIG-PANARUBAN-1929-01).pdf",4cb6f7c4-a4b0-4c36-9700-96c4da53a3da
2-doubtful,,Powell Barnett Park Wading Pool,splash_pad,"File:Surnames, their origin and nationality - (IA surnamestheirori00mcke).pdf",Public domain,"McKenna, Llewellyn B",https://thumb.wikimedia.org/wikipedia/commons/thumb/4/48/Surnames%2C_their_origin_and_nationality_-_%28IA_surnamestheirori00mcke%29.pdf/page1-500px-Surnames%2C_their_origin_and_nationality_-_%28IA_surnamestheirori00mcke%29.pdf.jpg?utm_source=commons.wikimedia.org&utm_campaign=imageinfo&utm_content=thumbnail,"https://commons.wikimedia.org/wiki/File:Surnames,_their_origin_and_nationality_-_(IA_surnamestheirori00mcke).pdf",4b3a88e2-577a-4b9e-8d06-42c1e87473d5
2-doubtful,,Pratt Park,playground,"File:Seattle, WA (August 2024) - 76.jpg",CC BY-SA 4.0,Another Believer,https://thumb.wikimedia.org/wikipedia/commons/thumb/c/c6/Seattle%2C_WA_%28August_2024%29_-_76.jpg/960px-Seattle%2C_WA_%28August_2024%29_-_76.jpg?utm_source=commons.wikimedia.org&utm_campaign=imageinfo&utm_content=thumbnail,"https://commons.wikimedia.org/wiki/File:Seattle,_WA_(August_2024)_-_76.jpg",ddc72eff-24a2-43a6-86dd-3ca6bcf18573
2-doubtful,,Prentis Frazier Park,playground,File:Course Catalog (IA coursecatalog18651866illi).pdf,Public domain,Illinois State Normal University,https://thumb.wikimedia.org/wikipedia/commons/thumb/b/bb/Course_Catalog_%28IA_coursecatalog18651866illi%29.pdf/page1-500px-Course_Catalog_%28IA_coursecatalog18651866illi%29.pdf.jpg?utm_source=commons.wikimedia.org&utm_campaign=imageinfo&utm_content=thumbnail,https://commons.wikimedia.org/wiki/File:Course_Catalog_(IA_coursecatalog18651866illi).pdf,4ceb601c-ef42-45a4-8e49-1640529722c2
2-doubtful,,Puget Ridge Playground,playground,File:Echoes from Dreamland (IA echoesfromdreaml00stin).pdf,Public domain,"Stine, Thomas Ostenson",https://thumb.wikimedia.org/wikipedia/commons/thumb/0/03/Echoes_from_Dreamland_%28IA_echoesfromdreaml00stin%29.pdf/page1-500px-Echoes_from_Dreamland_%28IA_echoesfromdreaml00stin%29.pdf.jpg?utm_source=commons.wikimedia.org&utm_campaign=imageinfo&utm_content=thumbnail,https://commons.wikimedia.org/wiki/File:Echoes_from_Dreamland_(IA_echoesfromdreaml00stin).pdf,38efad30-783d-42ee-9ef5-2e68f9ff0a6d
2-doubtful,,Rainier Beach Community Center,playground,File:Rainier of the last frontier (IA cu31924023420924).pdf,Public domain,"Dean, John Marvin, 1875-1935",https://thumb.wikimedia.org/wikipedia/commons/thumb/9/96/Rainier_of_the_last_frontier_%28IA_cu31924023420924%29.pdf/page1-500px-Rainier_of_the_last_frontier_%28IA_cu31924023420924%29.pdf.jpg?utm_source=commons.wikimedia.org&utm_campaign=imageinfo&utm_content=thumbnail,https://commons.wikimedia.org/wiki/File:Rainier_of_the_last_frontier_(IA_cu31924023420924).pdf,c52532a2-8bb7-442c-8db1-cc190d8b8c37
2-doubtful,,Rainier Beach Community Center,other,File:Rainier of the last frontier (IA cu31924023420924).pdf,Public domain,"Dean, John Marvin, 1875-1935",https://thumb.wikimedia.org/wikipedia/commons/thumb/9/96/Rainier_of_the_last_frontier_%28IA_cu31924023420924%29.pdf/page1-500px-Rainier_of_the_last_frontier_%28IA_cu31924023420924%29.pdf.jpg?utm_source=commons.wikimedia.org&utm_campaign=imageinfo&utm_content=thumbnail,https://commons.wikimedia.org/wiki/File:Rainier_of_the_last_frontier_(IA_cu31924023420924).pdf,c43fbedf-37da-4eeb-b81b-750176aa59eb
2-doubtful,,Rainier Beach Playfield,playground,"File:Urban Park and Recreation Recovery Program... FY 1992 Annual Report to Congress... United States Department of the Interior... December 31, 1992 (IA doi-report i-292ur-1-992).pdf",Public domain,Department of the Interior,https://thumb.wikimedia.org/wikipedia/commons/thumb/7/77/Urban_Park_and_Recreation_Recovery_Program..._FY_1992_Annual_Report_to_Congress..._United_States_Department_of_the_Interior..._December_31%2C_1992_%28IA_doi-report_i-292ur-1-992%29.pdf/page1-960px-thumbnail.pdf.jpg?utm_source=commons.wikimedia.org&utm_campaign=imageinfo&utm_content=thumbnail,"https://commons.wikimedia.org/wiki/File:Urban_Park_and_Recreation_Recovery_Program..._FY_1992_Annual_Report_to_Congress..._United_States_Department_of_the_Interior..._December_31,_1992_(IA_doi-report_i-292ur-1-992).pdf",dcdfbb99-791b-45fa-a219-9f97d6c3f617
2-doubtful,,Rainier Beach Pool,pool,"File:The starry pool, and other tales (IA starrypoolandoth00talliala).pdf",Public domain,"Tallents, Stephen G",https://thumb.wikimedia.org/wikipedia/commons/thumb/d/d3/The_starry_pool%2C_and_other_tales_%28IA_starrypoolandoth00talliala%29.pdf/page1-500px-The_starry_pool%2C_and_other_tales_%28IA_starrypoolandoth00talliala%29.pdf.jpg?utm_source=commons.wikimedia.org&utm_campaign=imageinfo&utm_content=thumbnail,"https://commons.wikimedia.org/wiki/File:The_starry_pool,_and_other_tales_(IA_starrypoolandoth00talliala).pdf",c175a0e5-3cc6-432d-9ee0-63c22e79132e
2-doubtful,,Rainier Community Center,playground,File:Community Center at Longmire (14413346359).jpg,Public domain,"Mount Rainier National Park from Ashford, WA, United States",https://thumb.wikimedia.org/wikipedia/commons/thumb/c/c7/Community_Center_at_Longmire_%2814413346359%29.jpg/960px-Community_Center_at_Longmire_%2814413346359%29.jpg?utm_source=commons.wikimedia.org&utm_campaign=imageinfo&utm_content=thumbnail,https://commons.wikimedia.org/wiki/File:Community_Center_at_Longmire_(14413346359).jpg,d691bad9-f1bb-4f2c-9d96-abe6de90a371
2-doubtful,,Ravenna Park,playground,File:20th Avenue NE Bridge underside Seattle 2026.jpg,CC BY 4.0,Guywelch2000,https://thumb.wikimedia.org/wikipedia/commons/thumb/0/03/20th_Avenue_NE_Bridge_underside_Seattle_2026.jpg/960px-20th_Avenue_NE_Bridge_underside_Seattle_2026.jpg?utm_source=commons.wikimedia.org&utm_campaign=imageinfo&utm_content=thumbnail,https://commons.wikimedia.org/wiki/File:20th_Avenue_NE_Bridge_underside_Seattle_2026.jpg,271783bc-9af9-4ede-a847-467c5aaa3f57
2-doubtful,,Ravenna Park Wading Pool,splash_pad,File:Yackety yack (serial) (IA yacketyyackseria1953univ).pdf,Public domain,University of North Carolina at Chapel Hill,https://thumb.wikimedia.org/wikipedia/commons/thumb/9/92/Yackety_yack_%28serial%29_%28IA_yacketyyackseria1953univ%29.pdf/page1-500px-Yackety_yack_%28serial%29_%28IA_yacketyyackseria1953univ%29.pdf.jpg?utm_source=commons.wikimedia.org&utm_campaign=imageinfo&utm_content=thumbnail,https://commons.wikimedia.org/wiki/File:Yackety_yack_(serial)_(IA_yacketyyackseria1953univ).pdf,ef9a68a9-876b-4250-a18e-095be6eaaf5f
2-doubtful,,Riverview Playfield,playground,File:Revised draft environmental statement- Review report on the Santa Ana River Main Stem - including Santiago Creek and Oak Street Drain for flood control and allied purposes - USACE-p16021coll7-18356.pdf,Public domain,United States. Army. Corps of Engineers. Los Angeles District; United States. Army. Office of the Chief of Engineers,https://thumb.wikimedia.org/wikipedia/commons/thumb/d/db/Revised_draft_environmental_statement-_Review_report_on_the_Santa_Ana_River_Main_Stem_-_including_Santiago_Creek_and_Oak_Street_Drain_for_flood_control_and_allied_purposes_-_USACE-p16021coll7-18356.pdf/page1-960px-thumbnail.pdf.jpg?utm_source=commons.wikimedia.org&utm_campaign=imageinfo&utm_content=thumbnail,https://commons.wikimedia.org/wiki/File:Revised_draft_environmental_statement-_Review_report_on_the_Santa_Ana_River_Main_Stem_-_including_Santiago_Creek_and_Oak_Street_Drain_for_flood_control_and_allied_purposes_-_USACE-p16021coll7-18356.pdf,714163c2-22a4-4f49-ba06-8f48d96a6700
2-doubtful,,Rogers Playground,playground,File:Park Hill Playground - geograph.org.uk - 1559055.jpg,CC BY-SA 2.0,David Rogers,https://upload.wikimedia.org/wikipedia/commons/7/72/Park_Hill_Playground_-_geograph.org.uk_-_1559055.jpg?utm_source=commons.wikimedia.org&utm_campaign=imageinfo&utm_content=thumbnail_unscaled,https://commons.wikimedia.org/wiki/File:Park_Hill_Playground_-_geograph.org.uk_-_1559055.jpg,f444f1a5-2ebf-427a-bd16-23ac4bc75758
2-doubtful,,Ron K. Bills Memorial Fountain,splash_pad,File:A memorial humbly presented to the right honorable the Lord Chief Justice ... 1690 (IA bim early-english-books-1641-1700 a-memorial-humbly-presen turner-john-hospitalle 1690).pdf,Public domain,"Turner, John, hospitaller.",https://thumb.wikimedia.org/wikipedia/commons/thumb/8/8c/A_memorial_humbly_presented_to_the_right_honorable_the_Lord_Chief_Justice_..._1690_%28IA_bim_early-english-books-1641-1700_a-memorial-humbly-presen_turner-john-hospitalle_1690%29.pdf/page1-500px-thumbnail.pdf.jpg?utm_source=commons.wikimedia.org&utm_campaign=imageinfo&utm_content=thumbnail,https://commons.wikimedia.org/wiki/File:A_memorial_humbly_presented_to_the_right_honorable_the_Lord_Chief_Justice_..._1690_(IA_bim_early-english-books-1641-1700_a-memorial-humbly-presen_turner-john-hospitalle_1690).pdf,2dfda592-c5b9-49a3-a6e6-d7521bd9c4e5
2-doubtful,,Ross Playground,playground,File:DianaRossPlayground NYC.jpg,FAL,Daryl Vocat ( MisterSpike,https://thumb.wikimedia.org/wikipedia/commons/thumb/8/8a/DianaRossPlayground_NYC.jpg/960px-DianaRossPlayground_NYC.jpg?utm_source=commons.wikimedia.org&utm_campaign=imageinfo&utm_content=thumbnail,https://commons.wikimedia.org/wiki/File:DianaRossPlayground_NYC.jpg,017f6e4b-4827-46ae-bc8f-7d0acd3a99ff
2-doubtful,,Sam Smith Park,playground,"File:I-90 bike tunnel, Seattle (10508441764).jpg",CC BY 2.0,"Robert Ashworth from Bellingham, WA., USA",https://thumb.wikimedia.org/wikipedia/commons/thumb/e/e3/I-90_bike_tunnel%2C_Seattle_%2810508441764%29.jpg/960px-I-90_bike_tunnel%2C_Seattle_%2810508441764%29.jpg?utm_source=commons.wikimedia.org&utm_campaign=imageinfo&utm_content=thumbnail,"https://commons.wikimedia.org/wiki/File:I-90_bike_tunnel,_Seattle_(10508441764).jpg",6d4aa662-789e-4396-ac9d-d075a1d64035
2-doubtful,,Soundview Terrace Play Area,playground,File:01-14-1982 (case file 056753) (1) - DPLA - 20b50e4b7709e254c96f43e6e8ead789.pdf,Public domain,President (1981-1989 : Reagan). White House Office of Records Management. 1/20/1981-1/20/1989,https://thumb.wikimedia.org/wikipedia/commons/thumb/4/47/01-14-1982_%28case_file_056753%29_%281%29_-_DPLA_-_20b50e4b7709e254c96f43e6e8ead789.pdf/page1-960px-01-14-1982_%28case_file_056753%29_%281%29_-_DPLA_-_20b50e4b7709e254c96f43e6e8ead789.pdf.jpg?utm_source=commons.wikimedia.org&utm_campaign=imageinfo&utm_content=thumbnail,https://commons.wikimedia.org/wiki/File:01-14-1982_(case_file_056753)_(1)_-_DPLA_-_20b50e4b7709e254c96f43e6e8ead789.pdf,a805d360-b5e2-48a2-a3d2-c01840a9f86a
2-doubtful,,South Park Community Center,other,File:Wescott Park Community Center (14775041169).jpg,CC BY-SA 2.0,"North Charleston from North Charleston, SC, United States",https://thumb.wikimedia.org/wikipedia/commons/thumb/f/f1/Wescott_Park_Community_Center_%2814775041169%29.jpg/960px-Wescott_Park_Community_Center_%2814775041169%29.jpg?utm_source=commons.wikimedia.org&utm_campaign=imageinfo&utm_content=thumbnail,https://commons.wikimedia.org/wiki/File:Wescott_Park_Community_Center_(14775041169).jpg,0eb73f34-69a3-455e-bb70-8fdb65051609
2-doubtful,,South Park Playground,playground,File:Angle Park playground 01.jpg,CC BY-SA 4.0,Chris.sherlock2,https://thumb.wikimedia.org/wikipedia/commons/thumb/d/da/Angle_Park_playground_01.jpg/960px-Angle_Park_playground_01.jpg?utm_source=commons.wikimedia.org&utm_campaign=imageinfo&utm_content=thumbnail,https://commons.wikimedia.org/wiki/File:Angle_Park_playground_01.jpg,a52a2341-b9aa-4ce7-ab35-4e51fe55bffb
2-doubtful,,South Park Playground Water Spray,splash_pad,"File:Canada's national playground, a guide and souvenir of the mountain resorts (IA canadasnationalp00gode).pdf",Public domain,"Godenrath, Percy F. (Percy Francis), 1875-1944",https://thumb.wikimedia.org/wikipedia/commons/thumb/0/00/Canada%27s_national_playground%2C_a_guide_and_souvenir_of_the_mountain_resorts_%28IA_canadasnationalp00gode%29.pdf/page1-500px-Canada%27s_national_playground%2C_a_guide_and_souvenir_of_the_mountain_resorts_%28IA_canadasnationalp00gode%29.pdf.jpg?utm_source=commons.wikimedia.org&utm_campaign=imageinfo&utm_content=thumbnail,"https://commons.wikimedia.org/wiki/File:Canada's_national_playground,_a_guide_and_souvenir_of_the_mountain_resorts_(IA_canadasnationalp00gode).pdf",ad402493-7017-4643-b956-d829d0c8f289
2-doubtful,,TT Minor Playground,playground,File:Playground Toni (IA playgroundtoni00raya).pdf,Public domain,"Ray, Anna Chapin, 1865-1945",https://thumb.wikimedia.org/wikipedia/commons/thumb/5/5d/Playground_Toni_%28IA_playgroundtoni00raya%29.pdf/page1-960px-Playground_Toni_%28IA_playgroundtoni00raya%29.pdf.jpg?utm_source=commons.wikimedia.org&utm_campaign=imageinfo&utm_content=thumbnail,https://commons.wikimedia.org/wiki/File:Playground_Toni_(IA_playgroundtoni00raya).pdf,8365d018-9704-40ff-877e-5c3b18c293ac
2-doubtful,,Van Asselt Playground,playground,File:Othello Station (4829531739) - colors adjusted.jpg,CC BY-SA 2.0,"Atomic Taco from Seattle, WA, USA",https://thumb.wikimedia.org/wikipedia/commons/thumb/e/e9/Othello_Station_%284829531739%29_-_colors_adjusted.jpg/960px-Othello_Station_%284829531739%29_-_colors_adjusted.jpg?utm_source=commons.wikimedia.org&utm_campaign=imageinfo&utm_content=thumbnail,https://commons.wikimedia.org/wiki/File:Othello_Station_(4829531739)_-_colors_adjusted.jpg,be33f238-055e-4113-9c14-f689a56c071b
2-doubtful,,Victory Heights Playground,playground,File:A Publisher's playground (IA publishersplaygr00lond).pdf,Public domain,,https://thumb.wikimedia.org/wikipedia/commons/thumb/7/7b/A_Publisher%27s_playground_%28IA_publishersplaygr00lond%29.pdf/page1-500px-A_Publisher%27s_playground_%28IA_publishersplaygr00lond%29.pdf.jpg?utm_source=commons.wikimedia.org&utm_campaign=imageinfo&utm_content=thumbnail,https://commons.wikimedia.org/wiki/File:A_Publisher's_playground_(IA_publishersplaygr00lond).pdf,03d45ce4-a350-493a-a514-c7a983456497
2-doubtful,,View Ridge Playfield Wading Pool,splash_pad,"File:Trolley exploring - an electric railroad guide to historic and picturesque places about New York, New Jersey, and New England (1904) (14758513594).jpg",No restrictions,Internet Archive Book Images,https://thumb.wikimedia.org/wikipedia/commons/thumb/7/7e/Trolley_exploring_-_an_electric_railroad_guide_to_historic_and_picturesque_places_about_New_York%2C_New_Jersey%2C_and_New_England_%281904%29_%2814758513594%29.jpg/960px-Trolley_exploring_-_an_electric_railroad_guide_to_historic_and_picturesque_places_about_New_York%2C_New_Jersey%2C_and_New_England_%281904%29_%2814758513594%29.jpg?utm_source=commons.wikimedia.org&utm_campaign=imageinfo&utm_content=thumbnail,"https://commons.wikimedia.org/wiki/File:Trolley_exploring_-_an_electric_railroad_guide_to_historic_and_picturesque_places_about_New_York,_New_Jersey,_and_New_England_(1904)_(14758513594).jpg",26873da7-14b2-400c-98d2-99b8b1e46316
2-doubtful,,Warren G Magnuson,beach,File:WarrenGMagnuson.jpg,Public domain,Believed to be official senatorial portrait,https://thumb.wikimedia.org/wikipedia/commons/thumb/6/63/WarrenGMagnuson.jpg/960px-WarrenGMagnuson.jpg?utm_source=commons.wikimedia.org&utm_campaign=imageinfo&utm_content=thumbnail,https://commons.wikimedia.org/wiki/File:WarrenGMagnuson.jpg,37a4bb7f-03d3-4c11-ae33-e9f8b1e73f92
2-doubtful,,Washington Park,playground,"File:Rock face, Ruby Beach, Olympic National Park, Washington State, 1992.JPG",CC BY 3.0,Michael Gäbler,https://thumb.wikimedia.org/wikipedia/commons/thumb/1/10/Rock_face%2C_Ruby_Beach%2C_Olympic_National_Park%2C_Washington_State%2C_1992.JPG/960px-Rock_face%2C_Ruby_Beach%2C_Olympic_National_Park%2C_Washington_State%2C_1992.JPG?utm_source=commons.wikimedia.org&utm_campaign=imageinfo&utm_content=thumbnail,"https://commons.wikimedia.org/wiki/File:Rock_face,_Ruby_Beach,_Olympic_National_Park,_Washington_State,_1992.JPG",34adcc73-9bf2-4bc4-bfde-22ef343c3533
2-doubtful,,Westcrest Park,playground,"File:Documents about Martin Luther King, Jr., Executive Order 14176, 44-mm-1854 v5-part 2 of 9.pdf",Public domain,Federal Government of the United States (Q48525),https://thumb.wikimedia.org/wikipedia/commons/thumb/6/65/Documents_about_Martin_Luther_King%2C_Jr.%2C_Executive_Order_14176%2C_44-mm-1854_v5-part_2_of_9.pdf/page1-960px-Documents_about_Martin_Luther_King%2C_Jr.%2C_Executive_Order_14176%2C_44-mm-1854_v5-part_2_of_9.pdf.jpg?utm_source=commons.wikimedia.org&utm_campaign=imageinfo&utm_content=thumbnail,"https://commons.wikimedia.org/wiki/File:Documents_about_Martin_Luther_King,_Jr.,_Executive_Order_14176,_44-mm-1854_v5-part_2_of_9.pdf",40e836b6-187c-4c10-9bf1-32eae8fe32c2
